timestamp;Spot_In;Spot_Out;SOC;FCR_Cap;aFRR_Pos_Cap;aFRR_Neg_Cap;Spot_Price;FCR_Price;aFRR_Pos_Cap_Price;aFRR_Neg_Cap_Price;aFRR_Pos_En_Price;aFRR_Neg_En_Price;act_pos;act_neg;Real_Spot_Out;Real_Spot_In;Total_Net_Flow;Rev_FCR_Cap;Rev_aFRR_Pos_Cap;Rev_aFRR_Neg_Cap;Rev_aFRR_Pos_En;Rev_aFRR_Neg_En;Rev_Spot_Sold;Cost_Spot_Bought;Total_Profit;Cum_Profit
2025-11-01 00:00:00;0,0;5,0;10,0;0,0;5,0;3,3518006;63,5;2,09;1,27;2,48;98,30308219178082;34,449753086419754;1,0;0,0;0,0;0,0;-5,0;0,0;1,5875;2,0781163719999998;122,87885273972603;-0,0;0,0;-0,0;126,54446911172603;126,54446911172603
2025-11-01 00:15:00;0,0;5,0;8,6842105;0,0;5,0;3,3518006;53,67;2,09;1,27;2,48;113,56577777777775;0,0;1,0;0,0;0,0;0,0;-5,0;0,0;1,5875;2,0781163719999998;141,95722222222219;-0,0;0,0;-0,0;145,62283859422217;272,1673077059482
2025-11-01 00:30:00;0,0;5,0;7,3684211;0,0;5,0;3,3518006;52,37;2,09;1,27;2,48;110,2912;0,0;1,0;0,0;0,0;0,0;-5,0;0,0;1,5875;2,0781163719999998;137,864;-0,0;0,0;-0,0;141,529616372;413,6969240779482
2025-11-01 00:45:00;6,6481994;5,0;6,0526316;0,0;5,0;3,3518006;49,29;2,09;1,27;2,48;113,12973333333332;0,0;1,0;0,0;0,0;6,6481994;1,6481994000000002;0,0;1,5875;2,0781163719999998;141,41216666666665;-0,0;0,0;-81,9224371065;63,15534593216664;476,85227001011486
2025-11-01 01:00:00;1,5946352e-10;5,0;6,3157895;0,0;5,0;3,3518006;52,32;2,09;1,27;2,48;101,06008888888888;0,0;1,0;0,0;0,0;1,5946352e-10;-4,9999999998405364;0,0;1,5875;2,0781163719999998;126,32511111111111;-0,0;0,0;-2,0857828416e-09;129,99072748102532;606,8429974911402
2025-11-01 01:15:00;5,5401662;5,0;5,0;0,0;5,0;3,3518006;44,57;2,09;1,27;2,48;99,42404444444443;0,0;1,0;0,0;0,0;5,5401662;0,5401661999999998;0,0;1,5875;2,0781163719999998;124,28005555555555;-0,0;0,0;-61,731301883499995;66,21437004405556;673,0573675351957
2025-11-01 01:30:00;6,6481994;5,0;5,0;0,0;5,0;3,3518006;32,23;2,09;1,27;2,48;58,29049107142857;70,82615384615384;1,0;0,0;0,0;6,6481994;1,6481994000000002;0,0;1,5875;2,0781163719999998;72,86311383928572;-0,0;0,0;-53,5678666655;22,96086354578572;696,0182310809814
2025-11-01 01:45:00;6,6481994;5,0;5,2631579;0,0;5,0;3,3518006;23,34;2,09;1,27;2,48;90,3813777777778;96,12769230769231;1,0;0,0;0,0;6,6481994;1,6481994000000002;0,0;1,5875;2,0781163719999998;112,97672222222225;-0,0;0,0;-38,792243499;77,85009509522226;773,8683261762037
2025-11-01 02:00:00;6,6481994;5,0;5,5263158;0,0;5,0;3,3518006;29,31;2,09;1,27;2,48;72,68747572815535;79,01954545454545;1,0;0,0;0,0;6,6481994;1,6481994000000002;0,0;1,5875;2,0781163719999998;90,85934466019418;-0,0;0,0;-48,7146811035;45,810279928694186;819,6786061048979
2025-11-01 02:15:00;6,6481994;0,0;5,7894737;0,0;5,0;3,3518006;24,13;2,09;1,27;2,48;34,385617283950616;81,12883116883117;0,0;0,0;0,0;6,6481994;6,6481994;0,0;1,5875;2,0781163719999998;0,0;-0,0;0,0;-40,1052628805;-36,4396465085;783,2389595963979
2025-11-01 02:30:00;0,0;5,0;7,3684211;0,0;5,0;3,3518006;33,96;2,09;1,27;2,48;66,20058035714285;60,1025;1,0;0,0;0,0;0,0;-5,0;0,0;1,5875;2,0781163719999998;82,75072544642856;-0,0;0,0;-0,0;86,41634181842856;869,6553014148265
2025-11-01 02:45:00;6,6481994;5,0;6,0526316;0,0;5,0;3,3518006;25,69;2,09;1,27;2,48;99,49206278026904;77,275;1,0;0,0;0,0;6,6481994;1,6481994000000002;0,0;1,5875;2,0781163719999998;124,3650784753363;-0,0;0,0;-42,698060646500004;85,33263420083628;954,9879356156628
2025-11-01 03:00:00;0,0;5,0;6,3157895;0,0;5,0;3,3518006;50,25;2,09;1,27;2,48;101,05715555555555;0,0;1,0;0,0;0,0;0,0;-5,0;0,0;1,5875;2,0781163719999998;126,32144444444444;-0,0;0,0;-0,0;129,98706081644443;1084,9749964321072
2025-11-01 03:15:00;5,5401662;5,0;5,0;0,0;5,0;3,3518006;31,33;2,09;1,27;2,48;86,67017777777778;85,56;1,0;0,0;0,0;5,5401662;0,5401661999999998;0,0;1,5875;2,0781163719999998;108,33772222222223;-0,0;0,0;-43,39335176149999;68,60998683272223;1153,5849832648294
2025-11-01 03:30:00;6,6481994;5,0;5,0;0,0;5,0;3,3518006;20,09;2,09;1,27;2,48;89,96754464285713;53,37894736842105;1,0;0,0;0,0;6,6481994;1,6481994000000002;0,0;1,5875;2,0781163719999998;112,45943080357142;-0,0;0,0;-33,390581486500004;82,73446568907141;1236,3194489539007
2025-11-01 03:45:00;6,6481994;1,8265;5,2631579;0,0;5,0;3,3518006;18,16;2,09;1,27;2,48;57,0336;0,0;0,3653;0,0;0,0;6,6481994;4,8216994;0,0;1,5875;2,0781163719999998;26,0429676;-0,0;0,0;-30,182825276000003;-0,4742413040000031;1235,8452076499007
2025-11-01 04:00:00;5,3479224;5,0;6,3614474;0,0;5,0;1,2855452;21,17;2,13;2,06;2,46;89,23963636363636;63,89202898550725;1,0;0,0;0,0;5,3479224;0,34792239999999985;0,0;2,575;0,790610298;111,54954545454545;-0,0;0,0;-28,303879302000002;86,61127645054545;1322,456484100446
2025-11-01 04:15:00;0,0;5,0;6,3157895;0,0;5,0;1,2855452;22,48;2,13;2,06;2,46;85,90147321428572;86,354;1,0;0,0;0,0;0,0;-5,0;0,0;2,575;0,790610298;107,37684151785714;-0,0;0,0;-0,0;110,74245181585715;1433,198935916303
2025-11-01 04:30:00;3,8493075;3,474;5,0;0,0;5,0;1,2855452;20,44;2,13;2,06;2,46;51,62244444444444;69,52347826086957;0,6948000000000001;0,0;0,0;3,8493075;0,3753074999999999;0,0;2,575;0,790610298;44,834092999999996;-0,0;0,0;-19,669961325000003;28,529741972999993;1461,728677889303
2025-11-01 04:45:00;8,7144548;-1,8117373e-12;5,0;0,0;5,0;1,2855452;15,52;2,13;2,06;2,46;47,2689;60,7472;0,0;0,0;0,0;8,7144548;8,7144548;0,0;2,575;0,790610298;0,0;-0,0;0,0;-33,812084624;-30,446474326;1431,282203563303
2025-11-01 05:00:00;8,7144548;5,0;7,069683;0,0;5,0;1,2855452;15,61;2,13;2,06;2,46;88,77134020618557;14,576060606060606;1,0;0,0;0,0;8,7144548;3,7144548000000004;0,0;2,575;0,790610298;110,96417525773197;-0,0;0,0;-34,008159857;80,32162569873196;1511,603829262035
2025-11-01 05:15:00;-1,1968564e-12;5,0;7,8235766;0,0;5,0;1,2855452;24,04;2,13;2,06;2,46;20,187227722772278;50,88351351351351;0,0;0,0;5,0;0,0;-5,0;0,0;2,575;0,790610298;0,0;-0,0;30,049999999999997;-0,0;33,415610298;1545,0194395600352
2025-11-01 05:30:00;8,7144548;5,0;6,5077871;0,0;5,0;1,2855452;11,41;2,13;2,06;2,46;72,48417777777777;62,82333333333333;1,0;0,0;0,0;8,7144548;3,7144548000000004;0,0;2,575;0,790610298;90,60522222222221;-0,0;0,0;-24,857982317;69,11285020322222;1614,1322897632574
2025-11-01 05:45:00;8,7144548;5,0;7,2616807;0,0;5,0;1,2855452;10,25;2,13;2,06;2,46;85,11875555555557;40,485;1,0;0,0;0,0;8,7144548;3,7144548000000004;0,0;2,575;0,790610298;106,39844444444446;-0,0;0,0;-22,330790425;87,43326431744447;1701,565554080702
2025-11-01 06:00:00;8,7144548;5,0;8,0155742;0,0;5,0;1,2855452;14,96;2,13;2,06;2,46;119,84342245989303;106,85985714285717;1,0;0,0;0,0;8,7144548;3,7144548000000004;0,0;2,575;0,790610298;149,8042780748663;-0,0;0,0;-32,592060952000004;120,5778274208663;1822,1433815015682
2025-11-01 06:15:00;8,7144548;5,0;8,7694678;0,0;5,0;1,2855452;11,44;2,13;2,06;2,46;84,95696132596684;60,68655172413793;1,0;0,0;0,0;8,7144548;3,7144548000000004;0,0;2,575;0,790610298;106,19620165745856;-0,0;0,0;-24,923340728;84,63847122745855;1906,7818527290267
2025-11-01 06:30:00;8,7144548;1,4045;9,5233613;0,0;5,0;1,2855452;11,17;2,13;2,06;2,46;61,743178294573646;54,34857142857143;0,28090000000000004;0,0;0,0;8,7144548;7,3099548;0,0;2,575;0,790610298;21,679573478682173;-0,0;0,0;-24,335115029;0,7100687476821719;1907,491921476709
2025-11-01 06:45:00;8,7144548;0,0;11,223439;0,0;5,0;1,2855452;8,94;2,13;2,06;2,46;43,2625;26,14048888888889;0,0;0,0;0,0;8,7144548;8,7144548;0,0;2,575;0,790610298;0,0;-0,0;0,0;-19,476806478;-16,11119618;1891,380725296709
2025-11-01 07:00:00;-1,1968564e-12;5,0;13,293122;0,0;5,0;1,2855452;21,14;2,13;2,06;2,46;20,865942028985508;53,53065476190476;0,0;0,0;5,0;0,0;-5,0;0,0;2,575;0,790610298;0,0;-0,0;26,425;-0,0;29,790610298;1921,171335594709
2025-11-01 07:15:00;8,7144548;0,0;11,977333;0,0;5,0;1,2855452;16,17;2,13;2,06;2,46;0,0;21,23511111111111;0,0;0,0;0,0;8,7144548;8,7144548;0,0;2,575;0,790610298;0,0;-0,0;0,0;-35,228183529000006;-31,862573231000006;1889,308762363709
2025-11-01 07:30:00;8,7144548;0,1265;14,047016;0,0;5,0;1,2855452;13,01;2,13;2,06;2,46;61,40125;63,57;0,0253;0,0;0,0;8,7144548;8,5879548;0,0;2,575;0,790610298;1,94181453125;-0,0;0,0;-28,343764237000002;-23,036339407750003;1866,2724229559592
2025-11-01 07:45:00;0,0;5,0;16,083409;0,0;5,0;1,2855452;20,1;2,13;2,06;2,46;63,89000000000001;30,051333333333336;0,0546;0,0;4,727;0,0;-5,0;0,0;2,575;0,790610298;4,360492500000001;-0,0;23,753175000000002;-0,0;31,479277798000005;1897,7517007539593
2025-11-01 08:00:00;0,0;5,0;14,76762;0,0;5,0;5,2323803;45,58;3,82;3,88;5,63;34,03583333333333;23,79744394618834;0,0;0,0;5,0;0,0;-5,0;0,0;4,85;7,36457527225;0,0;-0,0;56,974999999999994;-0,0;69,18957527225;1966,9412760262094
2025-11-01 08:15:00;0,0;5,0;13,45183;0,0;5,0;5,2323803;37,76;3,82;3,88;5,63;37,919230769230765;21,16297777777778;0,0;0,0;5,0;0,0;-5,0;0,0;4,85;7,36457527225;0,0;-0,0;47,199999999999996;-0,0;59,41457527224999;2026,3558512984594
2025-11-01 08:30:00;4,7676197;-2,5352787e-12;12,136041;0,0;5,0;5,2323803;22,06;3,82;3,88;5,63;23,588421052631578;21,73046511627907;0,0;0,0;0,0;4,7676197;4,7676197;0,0;4,85;7,36457527225;0,0;-0,0;0,0;-26,293422645499998;-14,07884737325;2012,2770039252093
2025-11-01 08:45:00;4,7676197;-2,5352787e-12;13,26835;0,0;5,0;5,2323803;14,4;3,82;3,88;5,63;44,02727272727273;15,89527607361963;0,0;0,0;0,0;4,7676197;4,7676197;0,0;4,85;7,36457527225;0,0;-0,0;0,0;-17,16343092;-4,948855647750001;2007,3281482774594
2025-11-01 09:00:00;0,0;5,0;14,40066;0,0;5,0;5,2323803;45,74;3,82;3,88;5,63;71,4656204379562;44,85680327868853;1,0;0,0;0,0;0,0;-5,0;0,0;4,85;7,36457527225;89,33202554744526;-0,0;0,0;-0,0;101,54660081969526;2108,8747490971546
2025-11-01 09:15:00;0,0;5,0;13,084871;0,0;5,0;5,2323803;30,08;3,82;3,88;5,63;23,47902173913044;20,82715277777778;0,0;0,0;5,0;0,0;-5,0;0,0;4,85;7,36457527225;0,0;-0,0;37,599999999999994;-0,0;49,814575272249996;2158,6893243694044
2025-11-01 09:30:00;4,7676197;5,0;11,769081;0,0;5,0;5,2323803;19,44;3,82;3,88;5,63;87,53711711711712;32,61333333333334;1,0;0,0;0,0;4,7676197;-0,23238029999999998;0,0;4,85;7,36457527225;109,4213963963964;-0,0;0,0;-23,170631742;98,46533992664641;2257,1546642960507
2025-11-01 09:45:00;4,7676197;5,0;11,585601;0,0;5,0;5,2323803;12,92;3,82;3,88;5,63;118,14737777777778;0,0;1,0;0,0;0,0;4,7676197;-0,23238029999999998;0,0;4,85;7,36457527225;147,68422222222222;-0,0;0,0;-15,399411631;144,4993858634722;2401,6540501595227
2025-11-01 10:00:00;0,0;5,0;11,402122;0,0;5,0;5,2323803;23,72;3,82;3,88;5,63;126,34004444444444;0,0;1,0;0,0;0,0;0,0;-5,0;0,0;4,85;7,36457527225;157,92505555555556;-0,0;0,0;-0,0;170,13963082780555;2571,793680987328
2025-11-01 10:15:00;4,7676197;5,0;10,086332;0,0;5,0;5,2323803;18,08;3,82;3,88;5,63;101,20471111111112;0,0;1,0;0,0;0,0;4,7676197;-0,23238029999999998;0,0;4,85;7,36457527225;126,5058888888889;-0,0;0,0;-21,549641043999998;117,1708231171389;2688,964504104467
2025-11-01 10:30:00;4,7676197;5,0;9,9028524;0,0;5,0;5,2323803;16,4;3,82;3,88;5,63;84,21502645502645;30,35288888888889;1,0;0,0;0,0;4,7676197;-0,23238029999999998;0,0;4,85;7,36457527225;105,26878306878305;-0,0;0,0;-19,54724077;97,93611757103305;2786,9006216755
2025-11-01 10:45:00;4,7676197;0,4975;9,7193726;0,0;5,0;5,2323803;15,0;3,82;3,88;5,63;60,0;-5,0564888888888895;0,0995;0,0;0,0;4,7676197;4,2701197;0,0;4,85;7,36457527225;7,4625;0,0;0,0;-17,878573875;1,79850139725;2788,6991230727504
2025-11-01 11:00:00;4,7676197;0,0;10,720761;0,0;5,0;5,2323803;15,0;3,82;3,88;5,63;31,388714285714286;58,40147058823529;0,0;0,0;0,0;4,7676197;4,7676197;0,0;4,85;7,36457527225;0,0;-0,0;0,0;-17,878573875;-5,663998602750002;2783,0351244700005
2025-11-01 11:15:00;4,7676197;0,0;11,853071;0,0;5,0;5,2323803;15,06;3,82;3,88;5,63;22,50433179723502;75,4296;0,0;0,0;0,0;4,7676197;4,7676197;0,0;4,85;7,36457527225;0,0;-0,0;0,0;-17,9500881705;-5,7355128982500005;2777,2996115717506
2025-11-01 11:30:00;4,7676197;0,0;12,985381;0,0;5,0;5,2323803;15,0;3,82;3,88;5,63;23,947777777777777;0,0;0,0;0,0;0,0;4,7676197;4,7676197;0,0;4,85;7,36457527225;0,0;-0,0;0,0;-17,878573875;-5,663998602750002;2771,6356129690007
2025-11-01 11:45:00;4,7676197;0,0;14,11769;0,0;5,0;5,2323803;17,97;3,82;3,88;5,63;20,387385620915037;50,956774193548384;0,0;0,0;0,0;4,7676197;4,7676197;0,0;4,85;7,36457527225;0,0;-0,0;0,0;-21,418531502249998;-9,20395623;2762,4316567390006
2025-11-01 12:00:00;10,0;-1,7459901e-12;15,25;0,0;5,0;-5,0093263e-13;14,85;4,2;3,14;8,47;0,0;16,081511111111112;0,0;0,0;0,0;10,0;10,0;0,0;3,9250000000000003;-1,0607248440250001e-12;0,0;0,0;0,0;-37,125;-33,20000000000106;2729,2316567389994
2025-11-01 12:15:00;10,0;0,0;17,625;0,0;5,0;-5,0093263e-13;18,0;4,2;3,14;8,47;44,95791666666667;67,88018348623852;0,0;0,0;0,0;10,0;10,0;0,0;3,9250000000000003;-1,0607248440250001e-12;0,0;0,0;0,0;-45,0;-41,07500000000106;2688,156656738998
2025-11-01 12:30:00;5,5401662;5,0;20,0;0,0;5,0;-5,0093263e-13;24,78;4,2;3,14;8,47;84,93606936416185;71,75461538461539;1,0;0,0;0,0;5,5401662;0,5401661999999998;0,0;3,9250000000000003;-1,0607248440250001e-12;106,17008670520232;0,0;0,0;-34,321329609;75,77375709620127;2763,9304138351995
2025-11-01 12:45:00;0,0;5,0;20,0;0,0;5,0;-5,0093263e-13;26,43;4,2;3,14;8,47;119,53715555555556;0,0;1,0;0,0;0,0;0,0;-5,0;0,0;3,9250000000000003;-1,0607248440250001e-12;149,42144444444443;0,0;0,0;-0,0;153,34644444444336;2917,276858279643
2025-11-01 13:00:00;10,0;5,0;18,684211;0,0;5,0;-5,0093263e-13;20,25;4,2;3,14;8,47;169,27275555555556;0,0;1,0;0,0;0,0;10,0;5,0;0,0;3,9250000000000003;-1,0607248440250001e-12;211,59094444444446;0,0;0,0;-50,625;164,8909444444434;3082,1678027240864
2025-11-01 13:15:00;6,6204986;5,0;19,743421;0,0;5,0;-5,0093263e-13;25,51;4,2;3,14;8,47;172,91257777777778;0,0;1,0;0,0;0,0;6,6204986;1,6204986000000003;0,0;3,9250000000000003;-1,0607248440250001e-12;216,14072222222222;0,0;0,0;-42,22222982150001;177,84349240072115;3260,0112951248075
2025-11-01 13:30:00;5,5401662;5,0;20,0;0,0;5,0;-5,0093263e-13;39,36;4,2;3,14;8,47;149,22057777777778;63,47;1,0;0,0;0,0;5,5401662;0,5401661999999998;0,0;3,9250000000000003;-1,0607248440250001e-12;186,5257222222222;0,0;0,0;-54,515235407999995;135,93548681422115;3395,946781939029
2025-11-01 13:45:00;5,5401662;5,0;20,0;0,0;5,0;-5,0093263e-13;41,84;4,2;3,14;8,47;136,51497777777777;0,0;1,0;0,0;0,0;5,5401662;0,5401661999999998;0,0;3,9250000000000003;-1,0607248440250001e-12;170,6437222222222;0,0;0,0;-57,950138452000004;116,61858377022114;3512,56536570925
2025-11-01 14:00:00;5,5401662;5,0;20,0;0,0;5,0;-5,0093263e-13;43,47;4,2;3,14;8,47;134,70724444444446;63,47;1,0;0,0;0,0;5,5401662;0,5401661999999998;0,0;3,9250000000000003;-1,0607248440250001e-12;168,38405555555556;0,0;0,0;-60,2077561785;112,10129937705449;3624,6666650863044
2025-11-01 14:15:00;5,5401662;5,0;20,0;0,0;5,0;-5,0093263e-13;56,26;4,2;3,14;8,47;132,55004444444444;0,0;1,0;0,0;0,0;5,5401662;0,5401661999999998;0,0;3,9250000000000003;-1,0607248440250001e-12;165,68755555555555;0,0;0,0;-77,92243760299999;91,69011795255449;3716,356783038859
2025-11-01 14:30:00;2,1606648;5,0;20,0;0,0;5,0;-5,0093263e-13;57,32;4,2;3,14;8,47;99,12596590909092;62,99746268656716;1,0;0,0;0,0;2,1606648;-2,8393352;0,0;3,9250000000000003;-1,0607248440250001e-12;123,90745738636366;0,0;0,0;-30,962326584000003;96,87013080236261;3813,226913841221
2025-11-01 14:45:00;0,0;5,0;19,197368;0,0;5,0;-5,0093263e-13;58,96;4,2;3,14;8,47;107,33644444444444;63,47;1,0;0,0;0,0;0,0;-5,0;0,0;3,9250000000000003;-1,0607248440250001e-12;134,17055555555555;0,0;0,0;-0,0;138,09555555555448;3951,322469396776
2025-11-01 15:00:00;10,0;5,0;17,881579;0,0;5,0;-5,0093263e-13;47,19;4,2;3,14;8,47;119,90579908675798;81,51931034482759;1,0;0,0;0,0;10,0;5,0;0,0;3,9250000000000003;-1,0607248440250001e-12;149,88224885844747;0,0;0,0;-117,975;35,832248858446405;3987,154718255222
2025-11-01 15:15:00;10,0;5,0;18,940789;0,0;5,0;-5,0093263e-13;57,23;4,2;3,14;8,47;160,82124444444443;0,0;1,0;0,0;0,0;10,0;5,0;0,0;3,9250000000000003;-1,0607248440250001e-12;201,02655555555555;0,0;0,0;-143,075;61,87655555555449;4049,031273810777
2025-11-01 15:30:00;5,5401662;5,0;20,0;0,0;5,0;-5,0093263e-13;63,51;4,2;3,14;8,47;105,43595555555557;63,47;1,0;0,0;0,0;5,5401662;0,5401661999999998;0,0;3,9250000000000003;-1,0607248440250001e-12;131,79494444444447;0,0;0,0;-87,9639888405;47,755955603943406;4096,78722941472
2025-11-01 15:45:00;1,0803324;5,0;20,0;0,0;5,0;-5,0093263e-13;68,36;4,2;3,14;8,47;84,17176470588235;57,642125;1,0;0,0;0,0;1,0803324;-3,9196676;0,0;3,9250000000000003;-1,0607248440250001e-12;105,21470588235294;0,0;0,0;-18,462880716;90,67682516635189;4187,464054581072
2025-11-01 16:00:00;10,0;5,0;18,940789;0,0;5,0;0,0;59,8;3,5;5,26;1,76;148,9023111111111;0,0;1,0;0,0;0,0;10,0;5,0;0,0;6,574999999999999;0,0;186,12788888888886;-0,0;0,0;-149,5;43,20288888888885;4230,666943469961
2025-11-01 16:15:00;5,5401662;5,0;20,0;0,0;5,0;0,0;74,87;3,5;5,26;1,76;150,9472;0,0;1,0;0,0;0,0;5,5401662;0,5401661999999998;0,0;6,574999999999999;0,0;188,68400000000003;-0,0;0,0;-103,6980608485;91,56093915150001;4322,227882621461
2025-11-01 16:30:00;0,0;5,0;20,0;0,0;5,0;0,0;84,76;3,5;5,26;1,76;161,77995555555557;0,0;1,0;0,0;0,0;0,0;-5,0;0,0;6,574999999999999;0,0;202,22494444444447;-0,0;0,0;-0,0;208,79994444444446;4531,0278270659055
2025-11-01 16:45:00;0,0;5,0;18,684211;0,0;5,0;0,0;86,91;3,5;5,26;1,76;135,8389777777778;0,0;1,0;0,0;0,0;0,0;-5,0;0,0;6,574999999999999;0,0;169,79872222222227;-0,0;0,0;-0,0;176,37372222222226;4707,401549288128
2025-11-01 17:00:00;0,0;2,6985;17,368421;0,0;5,0;0,0;86,94;3,5;5,26;1,76;75,76969696969697;82,79078787878788;0,5397000000000001;0,0;0,0;0,0;-2,6985;0,0;6,574999999999999;0,0;51,11613181818182;-0,0;0,0;-0,0;57,691131818181816;4765,09268110631
2025-11-01 17:15:00;0,0;5,0;16,658289;0,0;5,0;0,0;89,24;3,5;5,26;1,76;93,47601809954752;75,09876404494382;1,0;0,0;0,0;0,0;-5,0;0,0;6,574999999999999;0,0;116,84502262443439;-0,0;0,0;-0,0;123,4200226244344;4888,512703730745
2025-11-01 17:30:00;0,0;0,6305;15,3425;0,0;5,0;0,0;89,72;3,5;5,26;1,76;79,73875000000001;93,4117777777778;0,1261;0,0;0,0;0,0;-0,6305;0,0;6,574999999999999;0,0;12,568820468750001;-0,0;0,0;-0,0;19,14382046875;4907,656524199495
2025-11-01 17:45:00;0,0;0,23;15,176579;0,0;5,0;0,0;89,26;3,5;5,26;1,76;91,9357894736842;88,48635555555556;0,046;0,0;2,7755575615628914e-17;0,0;-0,23;0,0;6,574999999999999;0,0;5,286307894736841;-0,0;6,193656698627592e-16;-0,0;11,86130789473684;4919,517832094231
2025-11-01 18:00:00;0,0;0,1315;15,116053;0,0;5,0;0,0;87,21;3,5;5,26;1,76;63,902682926829264;96,93052631578946;0,0263;0,0;0,0;0,0;-0,1315;0,0;6,574999999999999;0,0;2,1008007012195122;-0,0;0,0;-0,0;8,675800701219512;4928,193632795451
2025-11-01 18:15:00;-1,1968564e-12;5,0;15,081447;0,0;5,0;0,0;91,0;3,5;5,26;1,76;13,39;72,29134529147981;0,0;0,0;5,0;0,0;-5,0;0,0;6,574999999999999;0,0;0,0;-0,0;113,75;-0,0;120,325;5048,518632795451
2025-11-01 18:30:00;-2,1221289e-12;5,0;13,765658;0,0;5,0;0,0;91,92;3,5;5,26;1,76;0,0;64,4044;0,0;0,0;5,0;0,0;-5,0;0,0;6,574999999999999;0,0;0,0;-0,0;114,9;-0,0;121,47500000000001;5169,993632795451
2025-11-01 18:45:00;0,0;0,0;12,449868;0,0;5,0;0,0;86,09;3,5;5,26;1,76;0,0;36,385822222222224;0,0;0,0;0,0;0,0;0,0;0,0;6,574999999999999;0,0;0,0;-0,0;0,0;-0,0;6,574999999999999;5176,568632795451
2025-11-01 19:00:00;0,0;0,18;12,449868;0,0;5,0;0,0;85,29;3,5;5,26;1,76;76,58173228346456;63,23873417721519;0,036;0,0;0,0;0,0;-0,18;0,0;6,574999999999999;0,0;3,4461779527559053;-0,0;0,0;-0,0;10,021177952755904;5186,589810748207
2025-11-01 19:15:00;0,0;0,0;12,4025;0,0;5,0;0,0;88,22;3,5;5,26;1,76;0,0;73,0044;0,0;0,0;0,0;0,0;0,0;0,0;6,574999999999999;0,0;0,0;-0,0;0,0;-0,0;6,574999999999999;5193,164810748207
2025-11-01 19:30:00;0,0;0,1745;12,4025;0,0;5,0;0,0;86,06;3,5;5,26;1,76;64,00375;77,81487804878049;0,0349;0,0;0,0;0,0;-0,1745;0,0;6,574999999999999;0,0;2,79216359375;-0,0;0,0;-0,0;9,36716359375;5202,531974341957
2025-11-01 19:45:00;0,0;1,7625;12,356579;0,0;5,0;0,0;86,03;3,5;5,26;1,76;65,3333644859813;112,712;0,3525;0,0;0,0;0,0;-1,7625;0,0;6,574999999999999;0,0;28,787513726635513;-0,0;0,0;-0,0;35,36251372663551;5237,894488068592
2025-11-01 20:00:00;0,0;0,713;11,892763;0,0;5,0;8,1072368;90,11;2,86;2,03;1,2;73,17648648648648;72,89747474747475;0,1426;0,0;0,0;0,0;-0,7130000000000001;0,0;2,5374999999999996;2,43217104;13,043708716216218;-0,0;0,0;-0,0;18,013379756216217;5255,907867824809
2025-11-01 20:15:00;0,0;2,420875;11,705132;0,0;5,0;8,1072368;91,0;2,86;2,03;1,2;51,61659420289856;68,26905;0,0528;0,0;2,1568750000000003;0,0;-2,4208750000000006;0,0;2,5374999999999996;2,43217104;3,406695217391305;-0,0;49,068906250000005;-0,0;57,44527250739131;5313,3531403322
2025-11-01 20:30:00;0,0;0,2955;11,068059;0,0;5,0;8,1072368;86,93;2,86;2,03;1,2;55,40658536585366;65,26883720930232;0,0591;0,0;0,0;0,0;-0,2955;0,0;2,5374999999999996;2,43217104;4,093161493902439;-0,0;0,0;-0,0;9,062832533902439;5322,4159728661025
2025-11-01 20:45:00;1,8927632;1,201;10,990296;0,0;5,0;8,1072368;76,75;2,86;2,03;1,2;63,74786666666667;85,61;0,24020000000000002;0,0;0,0;1,8927632;0,6917632;0,0;2,5374999999999996;2,43217104;19,140296966666668;-0,0;0,0;-36,3173939;-12,20742589333333;5310,208546972769
2025-11-01 21:00:00;0,0;2,8815;11,123775;0,0;5,0;8,1072368;86,94;2,86;2,03;1,2;76,5756;62,23;0,5763;0,0;0,0;0,0;-2,8815;0,0;2,5374999999999996;2,43217104;55,163147849999994;-0,0;0,0;-0,0;60,132818889999996;5370,341365862769
2025-11-01 21:15:00;0,0;0,9715;10,365485;0,0;5,0;8,1072368;85,1;2,86;2,03;1,2;71,09573170731707;118,9728125;0,1943;0,0;0,0;0,0;-0,9715;0,0;2,5374999999999996;2,43217104;17,267375838414633;-0,0;0,0;-0,0;22,23704687841463;5392,5784127411835
2025-11-01 21:30:00;1,8927632;0,0;10,109827;0,0;5,0;8,1072368;81,19;2,86;2,03;1,2;48,10574074074074;88,54363636363637;0,0;0,0;0,0;1,8927632;1,8927632;0,0;2,5374999999999996;2,43217104;0,0;-0,0;0,0;-38,418361052;-33,448690012;5359,129722729183
2025-11-01 21:45:00;1,8927632;5,0;10,559359;0,0;5,0;8,1072368;79,9;2,86;2,03;1,2;105,34466666666668;68,52894736842104;1,0;0,0;0,0;1,8927632;-3,1072368;0,0;2,5374999999999996;2,43217104;131,68083333333334;-0,0;0,0;-37,807944920000004;98,84255945333334;5457,972282182517
2025-11-01 22:00:00;0,0;5,0;9,6931003;0,0;5,0;8,1072368;87,04;2,86;2,03;1,2;131,45133333333334;68,725;1,0;0,0;0,0;0,0;-5,0;0,0;2,5374999999999996;2,43217104;164,31416666666667;-0,0;0,0;-0,0;169,28383770666667;5627,2561198891835
2025-11-01 22:15:00;0,0;5,0;8,3773109;0,0;5,0;8,1072368;89,5;2,86;2,03;1,2;119,88146666666668;62,23;1,0;0,0;0,0;0,0;-5,0;0,0;2,5374999999999996;2,43217104;149,85183333333336;-0,0;0,0;-0,0;154,82150437333337;5782,077624262517
2025-11-01 22:30:00;0,0;4,542;7,0615214;0,0;5,0;8,1072368;82,49;2,86;2,03;1,2;82,46213333333333;0,0;0,9084;0,0;0,0;0,0;-4,542;0,0;2,5374999999999996;2,43217104;93,63575239999999;-0,0;0,0;-0,0;98,60542343999998;5880,683047702517
2025-11-01 22:45:00;1,8927632;5,0;5,8662582;0,0;5,0;8,1072368;72,69;2,86;2,03;1,2;106,3219387755102;60,01946969696969;1,0;0,0;0,0;1,8927632;-3,1072368;0,0;2,5374999999999996;2,43217104;132,90242346938777;-0,0;0,0;-34,396239252;103,47585525738778;5984,1589029599045
2025-11-01 23:00:00;-1,1968564e-12;0,0;5,0;0,0;5,0;8,1072368;85,73;2,86;2,03;1,2;37,72571428571428;58,450269058295966;0,0;0,0;0,0;0,0;0,0;0,0;2,5374999999999996;2,43217104;0,0;-0,0;0,0;-0,0;4,96967104;5989,128573999905
2025-11-01 23:15:00;2,3907574e-12;0,0;5,0;0,0;5,0;8,1072368;81,82;2,86;2,03;1,2;25,006666666666668;56,5762100456621;0,0;0,0;0,0;2,3907574e-12;2,3907574e-12;0,0;2,5374999999999996;2,43217104;0,0;-0,0;0,0;-4,8902942616999996e-11;4,969671039951097;5994,098245039856
2025-11-01 23:30:00;1,7299275e-11;0,0;5,0;0,0;5,0;8,1072368;72,29;2,86;2,03;1,2;0,0;61,20527027027027;0,0;0,0;0,0;1,7299275e-11;1,7299275e-11;0,0;2,5374999999999996;2,43217104;0,0;-0,0;0,0;-3,126411474375e-10;4,969671039687358;5999,0679160795435
2025-11-01 23:45:00;0,0;0,0;5,0;0,0;5,0;8,1072368;70,19;2,86;2,03;1,2;0,0;51,08915555555555;0,0;0,0;0,0;0,0;0,0;0,0;2,5374999999999996;2,43217104;0,0;-0,0;0,0;-0,0;4,96967104;6004,037587119544
2025-11-02 00:00:00;5,5401662;5,0;5,0;0,0;5,0;4,4598338;58,1;2,25;1,24;2,4;73,86977477477477;53,5175;1,0;0,0;0,0;5,5401662;0,5401661999999998;0,0;1,55;2,67590028;92,33721846846846;-0,0;0,0;-80,470914055;16,092204693468474;6020,129791813012
2025-11-02 00:15:00;-9,9922575e-13;0,0;5,0;0,0;5,0;4,4598338;67,03;2,25;1,24;2,4;20,16480769230769;63,896350364963496;0,0;0,0;0,0;0,0;0,0;0,0;1,55;2,67590028;0,0;-0,0;0,0;-0,0;4,22590028;6024,355692093012
2025-11-02 00:30:00;0,0;0,0;5,0;0,0;5,0;4,4598338;65,7;2,25;1,24;2,4;34,133529411764705;52,37328358208956;0,0;0,0;0,0;0,0;0,0;0,0;1,55;2,67590028;0,0;-0,0;0,0;-0,0;4,22590028;6028,581592373012
2025-11-02 00:45:00;0,0;0,0;5,0;0,0;5,0;4,4598338;66,31;2,25;1,24;2,4;0,0;54,63502222222222;0,0;0,0;0,0;0,0;0,0;0,0;1,55;2,67590028;0,0;-0,0;0,0;-0,0;4,22590028;6032,807492653013
2025-11-02 01:00:00;3,8344948;0,0;5,0;0,0;5,0;4,4598338;62,34;2,25;1,24;2,4;42,89731818181818;67,96714285714286;0,0;0,0;0,0;3,8344948;3,8344948;0,0;1,55;2,67590028;0,0;-0,0;0,0;-59,760601458000004;-55,534701178000006;5977,272791475012
2025-11-02 01:15:00;5,5401662;3,2165;5,9106925;0,0;5,0;4,4598338;61,91;2,25;1,24;2,4;54,58146666666666;63,42;0,6433;0,0;0,0;5,5401662;2,3236662;0,0;1,55;2,67590028;43,89032188333332;-0,0;0,0;-85,7479223605;-37,63170019716668;5939,641091277846
2025-11-02 01:30:00;5,5401662;0,0;6,3800346;0,0;5,0;4,4598338;57,42;2,25;1,24;2,4;46,91061728395062;65,34882352941176;0,0;0,0;0,0;5,5401662;5,5401662;0,0;1,55;2,67590028;0,0;-0,0;0,0;-79,529085801;-75,30318552099999;5864,337905756845
2025-11-02 01:45:00;5,5401662;0,1915;7,6958241;0,0;5,0;4,4598338;59,64;2,25;1,24;2,4;90,03000000000002;54,46173333333333;0,0383;0,0;0,0;5,5401662;5,3486662;0,0;1,55;2,67590028;4,310186250000001;-0,0;0,0;-82,603878042;-74,067791512;5790,270114244845
2025-11-02 02:00:00;5,5401662;0,0;8,9612188;0,0;5,0;4,4598338;60,82;2,25;1,24;2,4;23,207;79,3096875;0,0;0,0;0,0;5,5401662;5,5401662;0,0;1,55;2,67590028;0,0;-0,0;0,0;-84,238227071;-80,01232679099999;5710,257787453845
2025-11-02 02:15:00;5,5401662;0,0;10,277008;0,0;5,0;4,4598338;61,64;2,25;1,24;2,4;16,393684210526317;66,08889473684211;0,0;0,0;0,0;5,5401662;5,5401662;0,0;1,55;2,67590028;0,0;-0,0;0,0;-85,373961142;-81,148060862;5629,109726591844
2025-11-02 02:30:00;5,5401662;0,0;11,592798;0,0;5,0;4,4598338;60,11;2,25;1,24;2,4;0,0;38,51662222222223;0,0;0,0;0,0;5,5401662;5,5401662;0,0;1,55;2,67590028;0,0;-0,0;0,0;-83,25484757049999;-79,02894729049999;5550,080779301345
2025-11-02 02:45:00;5,5401662;0,0;12,908587;0,0;5,0;4,4598338;61,34;2,25;1,24;2,4;0,0;50,864755555555554;0,0;0,0;0,0;5,5401662;5,5401662;0,0;1,55;2,67590028;0,0;-0,0;0,0;-84,958448677;-80,732548397;5469,348230904345
2025-11-02 03:00:00;5,5401662;0,0;14,224377;0,0;5,0;4,4598338;61,98;2,25;1,24;2,4;0,0;62,23528888888889;0,0;0,0;0,0;5,5401662;5,5401662;0,0;1,55;2,67590028;0,0;-0,0;0,0;-85,844875269;-81,618974989;5387,729255915345
2025-11-02 03:15:00;0,19445983;0,1755;15,540166;0,0;5,0;4,4598338;62,59;2,25;1,24;2,4;52,14125;70,85153488372093;0,0351;0,0;0,0;0,19445983;0,01895983000000001;0,0;1,55;2,67590028;2,2876973437499997;-0,0;0,0;-3,042810189925;3,470787433825;5391,200043349169
2025-11-02 03:30:00;0,0;0,0;15,540166;0,0;5,0;4,4598338;64,15;2,25;1,24;2,4;0,0;66,84266666666667;0,0;0,0;0,0;0,0;0,0;0,0;1,55;2,67590028;0,0;-0,0;0,0;-0,0;4,22590028;5395,4259436291695
2025-11-02 03:45:00;5,5401662;0,187;15,540166;0,0;5,0;4,4598338;62,21;2,25;1,24;2,4;60,935500000000005;71,0593396226415;0,0374;0,0;0,0;5,5401662;5,3531661999999995;0,0;1,55;2,67590028;2,848734625;-0,0;0,0;-86,1634348255;-79,08879992050001;5316,33714370867
2025-11-02 04:00:00;8,7732489;3,363;16,806745;0,0;5,0;1,2267511;62,64;2,21;1,75;2,34;73,28779310344828;70,60677419354839;0,6726;0,0;0,0;8,7732489;5,410248900000001;0,0;2,1875;0,7176493934999999;61,61671205172414;-0,0;0,0;-137,38907777400001;-72,86721632877587;5243,469927379894
2025-11-02 04:15:00;8,7732489;5,0;18,005392;0,0;5,0;1,2267511;64,62;2,21;1,75;2,34;74,60695;80,6224;1,0;0,0;0,0;8,7732489;3,7732489000000005;0,0;2,1875;0,7176493934999999;93,2586875;-0,0;0,0;-141,7318359795;-45,567999086000015;5197,901928293894
2025-11-02 04:30:00;5,5401662;5,0;18,773249;0,0;5,0;1,2267511;66,55;2,21;1,75;2,34;110,33591111111112;0,0;1,0;0,0;0,0;5,5401662;0,5401661999999998;0,0;2,1875;0,7176493934999999;137,9198888888889;-0,0;0,0;-92,17451515249999;48,65052312988891;5246,552451423783
2025-11-02 04:45:00;0,0;5,0;18,773249;0,0;5,0;1,2267511;74,26;2,21;1,75;2,34;105,58835555555557;0,0;1,0;0,0;0,0;0,0;-5,0;0,0;2,1875;0,7176493934999999;131,98544444444445;-0,0;0,0;-0,0;134,89059383794446;5381,443045261728
2025-11-02 05:00:00;8,7732489;5,0;17,457459;0,0;5,0;1,2267511;66,09;2,21;1,75;2,34;103,95008888888889;0,0;1,0;0,0;0,0;8,7732489;3,7732489000000005;0,0;2,1875;0,7176493934999999;129,9376111111111;-0,0;0,0;-144,95600495025002;-12,113244445638912;5369,329800816089
2025-11-02 05:15:00;0,0;5,0;18,225317;0,0;5,0;1,2267511;73,98;2,21;1,75;2,34;84,82097777777778;0,0;1,0;0,0;0,0;0,0;-5,0;0,0;2,1875;0,7176493934999999;106,02622222222223;-0,0;0,0;-0,0;108,93137161572223;5478,261172431811
2025-11-02 05:30:00;8,7732489;3,778;16,909527;0,0;5,0;1,2267511;64,93;2,21;1,75;2,34;59,94711111111111;0,0;0,7556;0,0;0,0;8,7732489;4,9952489;0,0;2,1875;0,7176493934999999;56,620046444444455;-0,0;0,0;-142,41176276925003;-82,88656693130558;5395,374605500506
2025-11-02 05:45:00;0,0;3,545;17,998963;0,0;5,0;1,2267511;70,24;2,21;1,75;2,34;70,2048;0,0;0,709;0,0;0,0;0,0;-3,545;0,0;2,1875;0,7176493934999999;62,219004000000005;-0,0;0,0;-0,0;65,12415339350001;5460,498758894006
2025-11-02 06:00:00;8,7732489;5,0;17,066068;0,0;5,0;1,2267511;61,28;2,21;1,75;2,34;75,67584541062801;62,6756976744186;1,0;0,0;0,0;8,7732489;3,7732489000000005;0,0;2,1875;0,7176493934999999;94,59480676328502;-0,0;0,0;-134,40617314800002;-36,906216991215004;5423,592541902791
2025-11-02 06:15:00;8,7732489;5,0;17,833926;0,0;5,0;1,2267511;69,49;2,21;1,75;2,34;92,67195555555556;0,0;1,0;0,0;0,0;8,7732489;3,7732489000000005;0,0;2,1875;0,7176493934999999;115,83994444444444;-0,0;0,0;-152,41326651525;-33,66817267730556;5389,924369225485
2025-11-02 06:30:00;0,0;5,0;18,601783;0,0;5,0;1,2267511;73,3;2,21;1,75;2,34;95,93186666666666;58,49;1,0;0,0;0,0;0,0;-5,0;0,0;2,1875;0,7176493934999999;119,91483333333333;-0,0;0,0;-0,0;122,81998272683333;5512,7443519523185
2025-11-02 06:45:00;0,0;5,0;17,285993;0,0;5,0;1,2267511;77,32;2,21;1,75;2,34;79,3972;62,67;1,0;0,0;0,0;0,0;-5,0;0,0;2,1875;0,7176493934999999;99,2465;-0,0;0,0;-0,0;102,1516493935;5614,896001345818
2025-11-02 07:00:00;-1,1968564e-12;2,8870331;15,970204;0,0;5,0;1,2267511;77,17;2,21;1,75;2,34;37,49502222222223;70,08;0,0;0,0;2,8870331;0,0;-2,8870331;0,0;2,1875;0,7176493934999999;0,0;-0,0;55,69808608175;-0,0;58,603235475249996;5673,499236821068
2025-11-02 07:15:00;0,0;0,305;15,210458;0,0;5,0;1,2267511;74,59;2,21;1,75;2,34;60,68046296296296;64,76;0,061;0,0;0,0;0,0;-0,305;0,0;2,1875;0,7176493934999999;4,626885300925926;-0,0;0,0;-0,0;7,532034694425926;5681,031271515494
2025-11-02 07:30:00;0,0;0,3245;15,130195;0,0;5,0;1,2267511;74,93;2,21;1,75;2,34;65,223125;69,87008888888889;0,0649;0,0;0,0;0,0;-0,3245;0,0;2,1875;0,7176493934999999;5,291226015625;-0,0;0,0;-0,0;8,196375409125;5689,227646924619
2025-11-02 07:45:00;0,0;0,443;15,0448;0,0;5,0;1,2267511;75,43;2,21;1,75;2,34;63,15;73,22924444444445;0,0886;0,0;0,0;0,0;-0,443;0,0;2,1875;0,7176493934999999;6,9938625;-0,0;0,0;-0,0;9,899011893499999;5699,126658818119
2025-11-02 08:00:00;-1,1968564e-12;4,3042198;14,928221;0,0;5,0;5,0717786;81,48;3,48;2,92;4,46;11,858;73,13595454545454;0,0;0,0;4,3042198;0,0;-4,3042198;0,0;3,65;5,655033139;0,0;-0,0;87,67695732600001;-0,0;96,98199046500001;5796,108649283119
2025-11-02 08:15:00;-1,1968564e-12;0,0;13,795532;0,0;5,0;5,0717786;80,07;3,48;2,92;4,46;9,5;66,84120535714285;0,0;0,0;0,0;0,0;0,0;0,0;3,65;5,655033139;0,0;-0,0;0,0;-0,0;9,305033139;5805,41368242212
2025-11-02 08:30:00;0,0;0,0;13,795532;0,0;5,0;5,0717786;73,77;3,48;2,92;4,46;0,0;65,87946666666667;0,0;0,0;0,0;0,0;0,0;0,0;3,65;5,655033139;0,0;-0,0;0,0;-0,0;9,305033139;5814,71871556112
2025-11-02 08:45:00;4,9282214;0,1435;13,795532;0,0;5,0;5,0717786;73,16;3,48;2,92;4,46;80,31952380952382;73,52964646464648;0,028699999999999996;0,0;0,0;4,9282214;4,7847214;0,0;3,65;5,655033139;2,8814629166666665;-0,0;0,0;-90,137169406;-77,95067335033333;5736,768042210787
2025-11-02 09:00:00;0,0;5,0;14,928221;0,0;5,0;5,0717786;91,61;3,48;2,92;4,46;90,32219696969696;89,74558659217877;0,0448;0,0;4,776;0,0;-5,0;0,0;3,65;5,655033139;5,05804303030303;-0,0;109,38234;-0,0;123,74541616930303;5860,51345838009
2025-11-02 09:15:00;2,7504489;0,0;13,612432;0,0;5,0;5,0717786;77,57;3,48;2,92;4,46;26,257941176470588;72,73955;0,0;0,0;0,0;2,7504489;2,7504489;0,0;3,65;5,655033139;0,0;-0,0;0,0;-53,338080293249995;-44,03304715424999;5816,48041122584
2025-11-02 09:30:00;4,9282214;1,93;14,265664;0,0;5,0;5,0717786;75,62;3,48;2,92;4,46;96,74394495412844;92,4404;0,386;0,0;0,0;4,9282214;2,9982214;0,0;3,65;5,655033139;46,678953440366975;-0,0;0,0;-93,168025567;-37,18403898763302;5779,2963722382065
2025-11-02 09:45:00;4,9282214;5,0;14,928221;0,0;5,0;5,0717786;69,03;3,48;2,92;4,46;124,10484444444444;71,31;1,0;0,0;0,0;4,9282214;-0,07177860000000003;0,0;3,65;5,655033139;155,13105555555555;-0,0;0,0;-85,0487808105;79,38730788405553;5858,683680122262
2025-11-02 10:00:00;0,0;5,0;14,782885;0,0;5,0;5,0717786;81,6;3,48;2,92;4,46;82,61834080717489;56,9815;1,0;0,0;0,0;0,0;-5,0;0,0;3,65;5,655033139;103,27292600896861;-0,0;0,0;-0,0;112,57795914796861;5971,26163927023
2025-11-02 10:15:00;4,9282214;3,9445;13,467095;0,0;5,0;5,0717786;76,07;3,48;2,92;4,46;81,35312499999999;69,29599999999999;0,7889;0,0;0,0;4,9282214;0,9837213999999999;0,0;3,65;5,655033139;80,22435039062499;-0,0;0,0;-93,7224504745;-4,1930669448749995;5967,0685723253555
2025-11-02 10:30:00;4,9282214;3,6415;13,599521;0,0;5,0;5,0717786;72,26;3,48;2,92;4,46;92,82164444444444;68,97666666666667;0,7283000000000001;0,0;0,0;4,9282214;1,2867213999999998;0,0;3,65;5,655033139;84,50250456111111;-0,0;0,0;-89,028319591;4,779218109111113;5971,847790434466
2025-11-02 10:45:00;4,9282214;5,0;13,811684;0,0;5,0;5,0717786;70,03;3,48;2,92;4,46;120,14337777777776;0,0;1,0;0,0;0,0;4,9282214;-0,07177860000000003;0,0;3,65;5,655033139;150,1792222222222;-0,0;0,0;-86,2808361605;73,20341920072218;6045,051209635189
2025-11-02 11:00:00;4,9282214;5,0;13,666348;0,0;5,0;5,0717786;75,39;3,48;2,92;4,46;123,9883111111111;0,0;1,0;0,0;0,0;4,9282214;-0,07177860000000003;0,0;3,65;5,655033139;154,98538888888888;-0,0;0,0;-92,8846528365;71,40576919138887;6116,456978826577
2025-11-02 11:15:00;4,9282214;5,0;13,521011;0,0;5,0;5,0717786;75,6;3,48;2,92;4,46;129,3856888888889;0,0;1,0;0,0;0,0;4,9282214;-0,07177860000000003;0,0;3,65;5,655033139;161,73211111111112;-0,0;0,0;-93,14338446;77,89375979011112;6194,350738616688
2025-11-02 11:30:00;4,9282214;5,0;13,375674;0,0;5,0;5,0717786;75,07;3,48;2,92;4,46;121,98613333333334;0,0;1,0;0,0;0,0;4,9282214;-0,07177860000000003;0,0;3,65;5,655033139;152,4826666666667;-0,0;0,0;-92,4903951245;69,29730468116668;6263,648043297855
2025-11-02 11:45:00;4,9282214;5,0;13,230337;0,0;5,0;5,0717786;73,86;3,48;2,92;4,46;82,60358024691358;81,98557692307692;1,0;0,0;0,0;4,9282214;-0,07177860000000003;0,0;3,65;5,655033139;103,25447530864197;-0,0;0,0;-90,999608151;21,55990029664197;6285,207943594497
2025-11-02 12:00:00;10,0;0,275;13,085;0,0;5,0;8,1712415e-13;73,94;3,04;2,6;6,53;61,79425;84,67012658227847;0,05500000000000001;0,0;0,0;10,0;9,725;0,0;3,25;1,3339551748750001e-12;4,2483546875;-0,0;0,0;-184,85;-177,35164531249865;6107,8562982819985
2025-11-02 12:15:00;10,0;0,2195;15,387632;0,0;5,0;8,1712415e-13;73,49;3,04;2,6;6,53;69,92838028169014;76,45648;0,0439;0,0;0,0;10,0;9,7805;0,0;3,25;1,3339551748750001e-12;3,8373198679577465;-0,0;0,0;-183,725;-176,6376801320409;5931,218618149957
2025-11-02 12:30:00;10,0;0,3035;17,704868;0,0;5,0;8,1712415e-13;73,3;3,04;2,6;6,53;77,34046728971963;75,7460162601626;0,0607;0,0;0,0;10,0;9,6965;0,0;3,25;1,3339551748750001e-12;5,868207955607477;-0,0;0,0;-183,25;-174,1317920443912;5757,086826105566
2025-11-02 12:45:00;0,0;5,0;20,0;0,0;5,0;8,1712415e-13;80,12;3,04;2,6;6,53;113,93967289719626;96,60923076923078;1,0;0,0;0,0;0,0;-5,0;0,0;3,25;1,3339551748750001e-12;142,42459112149533;-0,0;0,0;-0,0;145,67459112149666;5902,761417227062
2025-11-02 13:00:00;10,0;5,0;18,684211;0,0;5,0;8,1712415e-13;76,4;3,04;2,6;6,53;120,48213333333334;0,0;1,0;0,0;0,0;10,0;5,0;0,0;3,25;1,3339551748750001e-12;150,60266666666666;-0,0;0,0;-191,0;-37,147333333332;5865,61408389373
2025-11-02 13:15:00;6,6204986;5,0;19,743421;0,0;5,0;8,1712415e-13;79,64;3,04;2,6;6,53;95,0867298578199;76,7775;1,0;0,0;0,0;6,6204986;1,6204986000000003;0,0;3,25;1,3339551748750001e-12;118,85841232227489;-0,0;0,0;-131,81412712600002;-9,705714803723794;5855,908369090006
2025-11-02 13:30:00;5,5401662;5,0;20,0;0,0;5,0;8,1712415e-13;85,57;3,04;2,6;6,53;72,42302222222223;58,15999999999999;1,0;0,0;0,0;5,5401662;0,5401661999999998;0,0;3,25;1,3339551748750001e-12;90,52877777777779;-0,0;0,0;-118,5180054335;-24,739227655720867;5831,169141434285
2025-11-02 13:45:00;0,0;5,0;20,0;0,0;5,0;8,1712415e-13;91,04;3,04;2,6;6,53;114,40884444444444;0,0;1,0;0,0;0,0;0,0;-5,0;0,0;3,25;1,3339551748750001e-12;143,01105555555554;-0,0;0,0;-0,0;146,26105555555688;5977,4301969898415
2025-11-02 14:00:00;10,0;5,0;18,684211;0,0;5,0;8,1712415e-13;82,83;3,04;2,6;6,53;125,89431111111112;0,0;1,0;0,0;0,0;10,0;5,0;0,0;3,25;1,3339551748750001e-12;157,3678888888889;-0,0;0,0;-207,075;-46,457111111109754;5930,973085878732
2025-11-02 14:15:00;6,6204986;5,0;19,743421;0,0;5,0;8,1712415e-13;88,8;3,04;2,6;6,53;114,06172222222224;78,36326923076923;1,0;0,0;0,0;6,6204986;1,6204986000000003;0,0;3,25;1,3339551748750001e-12;142,5771527777778;-0,0;0,0;-146,97506892;-1,147916142220879;5929,82516973651
2025-11-02 14:30:00;0,0;5,0;20,0;0,0;5,0;8,1712415e-13;96,4;3,04;2,6;6,53;105,65835555555556;0,0;1,0;0,0;0,0;0,0;-5,0;0,0;3,25;1,3339551748750001e-12;132,07294444444446;-0,0;0,0;-0,0;135,3229444444458;6065,148114180956
2025-11-02 14:45:00;-1,1968564e-12;0,0;18,684211;0,0;5,0;8,1712415e-13;102,17;3,04;2,6;6,53;30,715688888888888;62,64;0,0;0,0;0,0;0,0;0,0;0,0;3,25;1,3339551748750001e-12;0,0;-0,0;0,0;-0,0;3,250000000001334;6068,398114180957
2025-11-02 15:00:00;9,8432133;3,8835;18,684211;0,0;5,0;8,1712415e-13;95,98;3,04;2,6;6,53;76,37611940298507;77,37398058252427;0,7767000000000001;0,0;0,0;9,8432133;5,959713300000001;0,0;3,25;1,3339551748750001e-12;74,15166492537313;-0,0;0,0;-236,18790313350001;-158,78623820812555;5909,6118759728315
2025-11-02 15:15:00;5,5401662;5,0;20,0;0,0;5,0;8,1712415e-13;106,51;3,04;2,6;6,53;103,54217777777778;64,32;1,0;0,0;0,0;5,5401662;0,5401661999999998;0,0;3,25;1,3339551748750001e-12;129,42772222222223;-0,0;0,0;-147,5207754905;-14,843053268276435;5894,768822704555
2025-11-02 15:30:00;-1,1968564e-12;0,0;20,0;0,0;5,0;8,1712415e-13;112,42;3,04;2,6;6,53;48,24835555555556;65,3864705882353;0,0;0,0;0,0;0,0;0,0;0,0;3,25;1,3339551748750001e-12;0,0;-0,0;0,0;-0,0;3,250000000001334;5898,0188227045555
2025-11-02 15:45:00;0,0;5,0;20,0;0,0;5,0;8,1712415e-13;127,7;3,04;2,6;6,53;75,50862222222221;65,11;0,0528;0,0;4,736;0,0;-5,0;0,0;3,25;1,3339551748750001e-12;4,983569066666666;-0,0;151,1968;-0,0;159,430369066668;6057,449191771224
2025-11-02 16:00:00;10,0;5,0;18,684211;0,0;5,0;0,0;101,92;2,76;4,65;1,34;99,4401793721973;65,0385;1,0;0,0;0,0;10,0;5,0;0,0;5,8125;0,0;124,30022421524663;-0,0;0,0;-254,8;-124,68727578475338;5932,761915986471
2025-11-02 16:15:00;0,19058172;4,9495;19,743421;0,0;5,0;0,0;110,99;2,76;4,65;1,34;52,12585987261146;79,83103448275862;0,9898999999999999;0,0;0,0;0,19058172;-4,75891828;0,0;5,8125;0,0;64,4992358598726;-0,0;0,0;-5,2881662757;65,0235695841726;5997,785485570644
2025-11-02 16:30:00;0,0;1,2475;18,486184;0,0;5,0;0,0;119,03;2,76;4,65;1,34;112,3977391304348;80,76478260869565;0,2495;0,0;0,0;0,0;-1,2475;0,0;5,8125;0,0;35,05404489130436;-0,0;0,0;-0,0;40,86654489130436;6038,652030461948
2025-11-02 16:45:00;0,0;5,0;18,157895;0,0;5,0;0,0;134,07;2,76;4,65;1,34;101,12728888888888;71,48095238095239;1,0;0,0;0,0;0,0;-5,0;0,0;5,8125;0,0;126,4091111111111;-0,0;0,0;-0,0;132,2216111111111;6170,873641573059
2025-11-02 17:00:00;0,0;5,0;16,842105;0,0;5,0;0,0;118,0;2,76;4,65;1,34;114,5209777777778;104,66;1,0;0,0;0,0;0,0;-5,0;0,0;5,8125;0,0;143,15122222222226;-0,0;0,0;-0,0;148,96372222222226;6319,837363795281
2025-11-02 17:15:00;0,0;5,0;15,526316;0,0;5,0;0,0;131,39;2,76;4,65;1,34;118,00857777777776;104,44;1,0;0,0;0,0;0,0;-5,0;0,0;5,8125;0,0;147,5107222222222;-0,0;0,0;-0,0;153,3232222222222;6473,160586017503
2025-11-02 17:30:00;0,0;5,0;14,210526;0,0;5,0;0,0;138,83;2,76;4,65;1,34;66,52642857142857;76,73;1,0;0,0;0,0;0,0;-5,0;0,0;5,8125;0,0;83,15803571428572;-0,0;0,0;-0,0;88,97053571428572;6562,131121731789
2025-11-02 17:45:00;-1,1968564e-12;5,0;12,894737;0,0;5,0;0,0;140,07;2,76;4,65;1,34;40,730563380281694;83,682;0,0;0,0;5,0;0,0;-5,0;0,0;5,8125;0,0;0,0;-0,0;175,08749999999998;-0,0;180,89999999999998;6743,0311217317885
2025-11-02 18:00:00;0,0;5,0;11,578947;0,0;5,0;0,0;137,52;2,76;4,65;1,34;132,90146666666666;0,0;1,0;0,0;0,0;0,0;-5,0;0,0;5,8125;0,0;166,12683333333334;-0,0;0,0;-0,0;171,93933333333334;6914,970455065122
2025-11-02 18:15:00;0,0;5,0;10,263158;0,0;5,0;0,0;135,71;2,76;4,65;1,34;128,33502222222222;0,0;1,0;0,0;0,0;0,0;-5,0;0,0;5,8125;0,0;160,4187777777778;-0,0;0,0;-0,0;166,2312777777778;7081,2017328429
2025-11-02 18:30:00;0,0;5,0;8,9473684;0,0;5,0;0,0;130,5;2,76;4,65;1,34;76,9705855855856;62,62105263157895;1,0;0,0;0,0;0,0;-5,0;0,0;5,8125;0,0;96,21323198198199;-0,0;0,0;-0,0;102,02573198198199;7183,227464824882
2025-11-02 18:45:00;0,0;0,0;7,6315789;0,0;5,0;0,0;117,9;2,76;4,65;1,34;44,602648401826485;73,56490196078433;0,0;0,0;0,0;0,0;0,0;0,0;5,8125;0,0;0,0;-0,0;0,0;-0,0;5,8125;7189,039964824882
2025-11-02 19:00:00;0,0;5,0;7,6315789;0,0;5,0;0,0;127,2;2,76;4,65;1,34;78,63680365296803;94,42684210526316;1,0;0,0;0,0;0,0;-5,0;0,0;5,8125;0,0;98,29600456621003;-0,0;0,0;-0,0;104,10850456621003;7293,1484693910925
2025-11-02 19:15:00;0,0;5,0;6,3157895;0,0;5,0;0,0;125,14;2,76;4,65;1,34;92,18711340206184;95,74754385964911;1,0;0,0;0,0;0,0;-5,0;0,0;5,8125;0,0;115,2338917525773;-0,0;0,0;-0,0;121,0463917525773;7414,19486114367
2025-11-02 19:30:00;2,2421053;1,0485;5,0;0,0;5,0;0,0;108,0;2,76;4,65;1,34;62,425512820512814;89,90473684210527;0,2097;0,0;0,0;2,2421053;1,1936053;0,0;5,8125;0,0;16,363287548076922;-0,0;0,0;-60,5368431;-38,36105555192307;7375,833805591747
2025-11-02 19:45:00;10,0;5,0;5,2565789;0,0;5,0;0,0;94,09;2,76;4,65;1,34;106,79466321243522;91,8891304347826;1,0;0,0;0,0;10,0;5,0;0,0;5,8125;0,0;133,49332901554402;-0,0;0,0;-235,22500000000002;-95,919170984456;7279,91463460729
2025-11-02 20:00:00;0,0;5,0;6,3157895;0,0;5,0;0,0;110,97;2,06;1,75;0,96;92,41;106,388;1,0;0,0;0,0;0,0;-5,0;0,0;2,1875;0,0;115,51249999999999;-0,0;0,0;-0,0;117,69999999999999;7397,61463460729
2025-11-02 20:15:00;5,5401662;5,0;5,0;0,0;5,0;0,0;104,42;2,06;1,75;0,96;102,72635555555556;74,27021978021978;1,0;0,0;0,0;5,5401662;0,5401661999999998;0,0;2,1875;0,0;128,40794444444444;-0,0;0,0;-144,626038651;-14,030594206555548;7383,584040400735
2025-11-02 20:30:00;10,0;5,0;5,0;0,0;5,0;0,0;92,1;2,06;1,75;0,96;98,91973333333334;68,69357894736842;1,0;0,0;0,0;10,0;5,0;0,0;2,1875;0,0;123,64966666666668;-0,0;0,0;-230,25;-104,41283333333332;7279,171207067401
2025-11-02 20:45:00;10,0;0,0;6,0592105;0,0;5,0;0,0;86,91;2,06;1,75;0,96;47,12453333333333;53,03615384615384;0,0;0,0;0,0;10,0;10,0;0,0;2,1875;0,0;0,0;-0,0;0,0;-217,27499999999998;-215,08749999999998;7064,0837070674015
2025-11-02 21:00:00;0,0;1,267;8,4342105;0,0;5,0;0,0;100,06;2,06;1,75;0,96;73,39848888888889;71,03090909090909;0,25339999999999996;0,0;0,0;0,0;-1,267;0,0;2,1875;0,0;23,248971355555554;-0,0;0,0;-0,0;25,436471355555554;7089,520178422957
2025-11-02 21:15:00;7,4598338;5,0;8,1007895;0,0;5,0;0,0;94,08;2,06;1,75;0,96;102,97475555555556;95,95625;1,0;0,0;0,0;7,4598338;2,4598338;0,0;2,1875;0,0;128,71844444444446;-0,0;0,0;-175,45529097600001;-44,54934653155556;7044,970831891401
2025-11-02 21:30:00;0,0;5,0;8,5567105;0,0;5,0;0,0;95,1;2,06;1,75;0,96;120,6788;97,34277777777778;1,0;0,0;0,0;0,0;-5,0;0,0;2,1875;0,0;150,8485;-0,0;0,0;-0,0;153,036;7198,006831891401
2025-11-02 21:45:00;10,0;5,0;7,2409211;0,0;5,0;0,0;92,08;2,06;1,75;0,96;132,49555555555557;0,0;1,0;0,0;0,0;10,0;5,0;0,0;2,1875;0,0;165,61944444444447;-0,0;0,0;-230,2;-62,39305555555552;7135,613776335846
2025-11-02 22:00:00;0,0;5,0;8,3001316;0,0;5,0;0,0;97,54;2,06;1,75;0,96;92,63986666666668;62,37;1,0;0,0;0,0;0,0;-5,0;0,0;2,1875;0,0;115,79983333333334;-0,0;0,0;-0,0;117,98733333333334;7253,601109669179
2025-11-02 22:15:00;0,0;5,0;6,9843421;0,0;5,0;0,0;95,91;2,06;1,75;0,96;79,75578680203046;75,10594594594595;1,0;0,0;0,0;0,0;-5,0;0,0;2,1875;0,0;99,69473350253807;-0,0;0,0;-0,0;101,88223350253807;7355,483343171717
2025-11-02 22:30:00;0,0;2,5405;5,6685526;0,0;5,0;0,0;95,9;2,06;1,75;0,96;61,9456043956044;68,42449541284404;0,5081;0,0;4,440892098500626e-16;0,0;-2,5405;0,0;2,1875;0,0;39,34320199175824;-0,0;1,0647038806155252e-14;-0,0;41,53070199175825;7397,014045163475
2025-11-02 22:45:00;6,2077562;0,6025;5,0;0,0;5,0;0,0;83,36;2,06;1,75;0,96;57,33164556962025;72,58065934065934;0,12050000000000001;0,0;0,0;6,2077562;5,6052562;0,0;2,1875;0,0;8,63557911392405;-0,0;0,0;-129,369639208;-118,54656009407594;7278,467485069399
2025-11-02 23:00:00;-1,1968564e-12;5,0;6,3157895;0,0;5,0;0,0;99,08;2,06;1,75;0,96;43,317157894736845;67,08272727272727;0,0;0,0;5,0;0,0;-5,0;0,0;2,1875;0,0;0,0;-0,0;123,85;-0,0;126,0375;7404,5049850693995
2025-11-02 23:15:00;-1,1968564e-12;0,0;5,0;0,0;5,0;0,0;85,47;2,06;1,75;0,96;0,0;50,00031111111111;0,0;0,0;0,0;0,0;0,0;0,0;2,1875;0,0;0,0;-0,0;0,0;-0,0;2,1875;7406,6924850693995
2025-11-02 23:30:00;3,5885882e-11;0,0;5,0;0,0;5,0;0,0;83,02;2,06;1,75;0,96;0,0;48,337066666666665;0,0;0,0;0,0;3,5885882e-11;3,5885882e-11;0,0;2,1875;0,0;0,0;-0,0;0,0;-7,448114809099999e-10;2,1874999992551887;7408,879985068655
2025-11-02 23:45:00;10,0;0,0;5,0;0,0;5,0;0,0;72,6;2,06;1,75;0,96;0,0;51,25671111111111;0,0;0,0;0,0;10,0;10,0;0,0;2,1875;0,0;0,0;-0,0;0,0;-181,5;-179,3125;7229,567485068655
2025-11-03 00:00:00;0,0;0,0;7,375;0,0;6,5445026;6,858991;85,52;2,0;1,2;2,25;0,0;47,77475555555555;0,0;0,0;0,0;0,0;0,0;0,0;1,96335078;3,8581824375;0,0;-0,0;0,0;-0,0;5,8215332175;7235,389018286154
2025-11-03 00:15:00;0,0;0,0;7,375;0,0;6,5445026;6,858991;82,41;2,0;1,2;2,25;28,10454545454545;70,2517619047619;0,0;0,0;0,0;0,0;0,0;0,0;1,96335078;3,8581824375;0,0;-0,0;0,0;-0,0;5,8215332175;7241,210551503654
2025-11-03 00:30:00;0,0;3,1558901;7,375;0,0;6,5445026;6,858991;86,91;2,0;1,2;2,25;56,93;63,87911111111111;0,0257;0,0;2,9876963831800003;0,0;-3,1558901;0,0;1,96335078;3,8581824375;2,39381707464065;-0,0;64,91517316554345;-0,0;73,1305234576841;7314,341074961338
2025-11-03 00:45:00;3,141009;0,0;6,5445026;0,0;6,5445026;6,858991;74,92;2,0;1,2;2,25;0,0;51,88608888888889;0,0;0,0;0,0;3,141009;3,141009;0,0;1,96335078;3,8581824375;0,0;-0,0;0,0;-58,83109857;-53,009565352500005;7261,331509608837
2025-11-03 01:00:00;-1,1968564e-12;2,8347607;7,2904923;0,0;6,5445026;6,858991;85,73;2,0;1,2;2,25;12,094545454545456;82,96146341463415;0,0;0,0;2,8347607;0,0;-2,8347607;0,0;1,96335078;3,8581824375;0,0;-0,0;60,75600870275;-0,0;66,57754192025;7327,909051529087
2025-11-03 01:15:00;-1,1968564e-12;0,0;6,5445026;0,0;6,5445026;6,858991;83,86;2,0;1,2;2,25;7,071666666666666;94,86979797979798;0,0;0,0;0,0;0,0;0,0;0,0;1,96335078;3,8581824375;0,0;-0,0;0,0;-0,0;5,8215332175;7333,730584746587
2025-11-03 01:30:00;-1,1968564e-12;0,0;6,5445026;0,0;6,5445026;6,858991;78,12;2,0;1,2;2,25;19,211698113207547;97,741875;0,0;0,0;0,0;0,0;0,0;0,0;1,96335078;3,8581824375;0,0;-0,0;0,0;-0,0;5,8215332175;7339,552117964086
2025-11-03 01:45:00;3,141009;0,0;6,5445026;0,0;6,5445026;6,858991;72,71;2,0;1,2;2,25;12,232962962962963;86,11655913978495;0,0;0,0;0,0;3,141009;3,141009;0,0;1,96335078;3,8581824375;0,0;-0,0;0,0;-57,095691097499994;-51,27415788;7288,277960084087
2025-11-03 02:00:00;0,0;2,8347607;7,2904923;0,0;6,5445026;6,858991;85,12;2,0;1,2;2,25;50,65771428571429;84,55095238095238;0,18919999999999998;0,0;1,5965408080799999;0,0;-2,8347607;0,0;1,96335078;3,8581824375;15,681347376942847;-0,0;33,9743883959424;-0,0;55,47726899038524;7343,755229074472
2025-11-03 02:15:00;3,141009;0,0;6,5445026;0,0;6,5445026;6,858991;74,74;2,0;1,2;2,25;26,78132743362832;72,51175438596492;0,0;0,0;0,0;3,141009;3,141009;0,0;1,96335078;3,8581824375;0,0;-0,0;0,0;-58,68975316499999;-52,868219947499995;7290,887009126972
2025-11-03 02:30:00;3,141009;3,4554974;7,2904923;0,0;6,5445026;6,858991;72,91;2,0;1,2;2,25;60,02477528089887;68,28411764705882;0,528;0,0;2,7199999586002832e-08;3,141009;-0,3144884000000001;0,0;1,96335078;3,8581824375;51,85386332151412;-0,0;4,957879924538666e-07;-57,252741547499994;0,4226554873021158;7291,309664614274
2025-11-03 02:45:00;3,141009;3,4319372;7,1271405;0,0;6,5445026;6,858991;67,22;2,0;1,2;2,25;62,59018433179723;58,69220858895706;0,5244;0,0;3,6559999916363495e-08;3,141009;-0,2909282000000002;0,0;1,96335078;3,8581824375;53,70139491871373;-0,0;6,143907985944886e-07;-52,784656245;6,738272505604527;7298,047937119878
2025-11-03 03:00:00;3,141009;0,0;6,9699888;0,0;6,5445026;6,858991;74,43;2,0;1,2;2,25;46,77660130718954;64,36095744680851;0,0;0,0;0,0;3,141009;3,141009;0,0;1,96335078;3,8581824375;0,0;-0,0;0,0;-58,446324967500004;-52,62479175000001;7245,423145369878
2025-11-03 03:15:00;3,141009;0,0;7,7159784;0,0;6,5445026;6,858991;72,06;2,0;1,2;2,25;0,0;52,48151111111111;0,0;0,0;0,0;3,141009;3,141009;0,0;1,96335078;3,8581824375;0,0;-0,0;0,0;-56,585277135;-50,7637439175;7194,659401452378
2025-11-03 03:30:00;3,141009;0,0;8,4619681;0,0;6,5445026;6,858991;72,91;2,0;1,2;2,25;29,520740740740735;64,52522727272728;0,0;0,0;0,0;3,141009;3,141009;0,0;1,96335078;3,8581824375;0,0;-0,0;0,0;-57,252741547499994;-51,43120833;7143,228193122378
2025-11-03 03:45:00;3,141009;0,0;9,2079577;0,0;6,5445026;6,858991;73,16;2,0;1,2;2,25;35,393813559322034;73,90637037037037;0,0;0,0;0,0;3,141009;3,141009;0,0;1,96335078;3,8581824375;0,0;-0,0;0,0;-57,44905461;-51,6275213925;7091,600671729878
2025-11-03 04:00:00;10,0;5,0;9,9539474;0,0;5,0;5,0803806e-13;72,91;2,66;2,44;2,11;87,87452736318407;100,60703703703705;1,0;0,0;0,0;10,0;5,0;0,0;3,05;2,6799007665e-13;109,8431592039801;-0,0;0,0;-182,27499999999998;-69,38184079601962;7022,218830933858
2025-11-03 04:15:00;10,0;5,0;11,013158;0,0;5,0;5,0803806e-13;73,58;2,66;2,44;2,11;73,75693023255813;78,93055555555556;1,0;0,0;0,0;10,0;5,0;0,0;3,05;2,6799007665e-13;92,19616279069767;-0,0;0,0;-183,95;-88,70383720930205;6933,514993724556
2025-11-03 04:30:00;-1,434456e-12;0,0;12,072368;0,0;5,0;5,0803806e-13;77,18;2,66;2,44;2,11;37,97051162790697;74,27058823529411;0,0;0,0;0,0;0,0;0,0;0,0;3,05;2,6799007665e-13;0,0;-0,0;0,0;-0,0;3,0500000000002676;6936,564993724556
2025-11-03 04:45:00;10,0;0,0;12,072368;0,0;5,0;5,0803806e-13;76,22;2,66;2,44;2,11;25,7874;76,14432989690722;0,0;0,0;0,0;10,0;10,0;0,0;3,05;2,6799007665e-13;0,0;-0,0;0,0;-190,55;-187,49999999999974;6749,064993724556
2025-11-03 05:00:00;10,0;5,0;14,447368;0,0;5,0;5,0803806e-13;72,75;2,66;2,44;2,11;70,47354651162792;57,047407407407405;1,0;0,0;0,0;10,0;5,0;0,0;3,05;2,6799007665e-13;88,09193313953489;-0,0;0,0;-181,875;-90,73306686046485;6658,331926864092
2025-11-03 05:15:00;10,0;0,0;15,506579;0,0;5,0;5,0803806e-13;74,93;2,66;2,44;2,11;47,12191489361702;89,02981132075472;0,0;0,0;0,0;10,0;10,0;0,0;3,05;2,6799007665e-13;0,0;-0,0;0,0;-187,32500000000002;-184,27499999999975;6474,056926864092
2025-11-03 05:30:00;0,0;5,0;17,881579;0,0;5,0;5,0803806e-13;80,33;2,66;2,44;2,11;77,1312037037037;77,70466666666667;1,0;0,0;0,0;0,0;-5,0;0,0;3,05;2,6799007665e-13;96,41400462962963;-0,0;0,0;-0,0;99,4640046296299;6573,520931493722
2025-11-03 05:45:00;10,0;0,0;16,565789;0,0;5,0;5,0803806e-13;71,99;2,66;2,44;2,11;35,8128125;58,77090909090909;0,0;0,0;0,0;10,0;10,0;0,0;3,05;2,6799007665e-13;0,0;-0,0;0,0;-179,975;-176,92499999999973;6396,595931493723
2025-11-03 06:00:00;10,0;5,0;18,940789;0,0;5,0;5,0803806e-13;72,42;2,66;2,44;2,11;116,492466367713;52,271;1,0;0,0;0,0;10,0;5,0;0,0;3,05;2,6799007665e-13;145,61558295964124;-0,0;0,0;-181,05;-32,3844170403585;6364,2115144533645
2025-11-03 06:15:00;-1,1968564e-12;2,0;20,0;0,0;5,0;5,0803806e-13;89,31;2,66;2,44;2,11;29,65335403726708;99,37069444444444;0,0;0,0;2,0;0,0;-2,0;0,0;3,05;2,6799007665e-13;0,0;-0,0;44,655;-0,0;47,70500000000027;6411,9165144533645
2025-11-03 06:30:00;-1,1968564e-12;5,0;19,473684;0,0;5,0;5,0803806e-13;112,68;2,66;2,44;2,11;41,37772727272727;71,43763157894736;0,0;0,0;5,0;0,0;-5,0;0,0;3,05;2,6799007665e-13;0,0;-0,0;140,85000000000002;-0,0;143,9000000000003;6555,816514453365
2025-11-03 06:45:00;0,0;5,0;18,157895;0,0;5,0;5,0803806e-13;106,91;2,66;2,44;2,11;84,86357142857142;68,96474820143885;1,0;0,0;0,0;0,0;-5,0;0,0;3,05;2,6799007665e-13;106,07946428571427;-0,0;0,0;-0,0;109,12946428571453;6664,94597873908
2025-11-03 07:00:00;0,0;5,0;16,842105;0,0;5,0;5,0803806e-13;113,67;2,66;2,44;2,11;106,62266666666667;79,04525641025641;1,0;0,0;0,0;0,0;-5,0;0,0;3,05;2,6799007665e-13;133,27833333333334;-0,0;0,0;-0,0;136,3283333333336;6801,2743120724135
2025-11-03 07:15:00;0,0;5,0;15,526316;0,0;5,0;5,0803806e-13;120,45;2,66;2,44;2,11;83,38189189189188;69,2077027027027;1,0;0,0;0,0;0,0;-5,0;0,0;3,05;2,6799007665e-13;104,22736486486485;-0,0;0,0;-0,0;107,27736486486512;6908,551676937279
2025-11-03 07:30:00;0,0;5,0;14,210526;0,0;5,0;5,0803806e-13;119,79;2,66;2,44;2,11;78,99933333333333;78,44325123152709;0,1671;0,0;4,1645;0,0;-5,0;0,0;3,05;2,6799007665e-13;16,500985749999998;-0,0;124,71636375000001;-0,0;144,26734950000028;7052,819026437279
2025-11-03 07:45:00;0,0;5,0;12,894737;0,0;5,0;5,0803806e-13;115,11;2,66;2,44;2,11;96,8976;91,70693548387098;0,794;0,0;1,0299999999999998;0,0;-5,0;0,0;3,05;2,6799007665e-13;96,170868;-0,0;29,640824999999996;-0,0;128,86169300000026;7181,680719437279
2025-11-03 08:00:00;0,0;5,0;11,578947;0,0;5,0;6,4231104;139,25;5,0;8,77;3,5;97,96975155279505;96,74473933649288;0,1885;0,0;4,0575;0,0;-5,0;0,0;10,962499999999999;5,6202216;23,084122709627334;-0,0;141,25171875;-0,0;180,91856305962733;7362,599282496906
2025-11-03 08:15:00;0,0;5,0;10,263158;0,0;5,0;6,4231104;110,0;5,0;8,77;3,5;101,2426612903226;86,14937777777779;0,0436;0,0;4,782;0,0;-5,0;0,0;10,962499999999999;5,6202216;5,517725040322582;-0,0;131,505;-0,0;153,60544664032258;7516,204729137229
2025-11-03 08:30:00;-1,1968564e-12;5,0;8,9473684;0,0;5,0;6,4231104;90,08;5,0;8,77;3,5;28,752355769230768;53,06864406779661;0,0;0,0;5,0;0,0;-5,0;0,0;10,962499999999999;5,6202216;0,0;-0,0;112,6;-0,0;129,18272159999998;7645,387450737229
2025-11-03 08:45:00;0,0;0,0;7,6315789;0,0;5,0;6,4231104;80,67;5,0;8,77;3,5;49,32018348623853;53,88866666666666;0,0;0,0;0,0;0,0;0,0;0,0;10,962499999999999;5,6202216;0,0;-0,0;0,0;-0,0;16,5827216;7661,970172337229
2025-11-03 09:00:00;0,0;5,0;7,6315789;0,0;5,0;6,4231104;103,89;5,0;8,77;3,5;53,87808988764044;25,16267281105991;0,0892;0,0;4,554;0,0;-5,0;0,0;10,962499999999999;5,6202216;6,007407022471909;-0,0;118,278765;-0,0;140,86889362247192;7802,839065959701
2025-11-03 09:15:00;-1,1968564e-12;5,0;6,3157895;0,0;5,0;6,4231104;92,57;5,0;8,77;3,5;42,94914634146342;43,93393034825871;0,0;0,0;5,0;0,0;-5,0;0,0;10,962499999999999;5,6202216;0,0;-0,0;115,71249999999999;-0,0;132,2952216;7935,134287559701
2025-11-03 09:30:00;2,7959636;0,0;5,0;0,0;5,0;6,4231104;79,73;5,0;8,77;3,5;24,0228;55,61880341880342;0,0;0,0;0,0;2,7959636;2,7959636;0,0;10,962499999999999;5,6202216;0,0;-0,0;0,0;-55,730544457;-39,147822857;7895,986464702701
2025-11-03 09:45:00;3,5768896;0,7515;5,6640414;0,0;5,0;6,4231104;66,86;5,0;8,77;3,5;74,02;35,43636842105263;0,1503;0,0;0,0;3,5768896;2,8253896;0,0;10,962499999999999;5,6202216;13,906507499999998;-0,0;0,0;-59,787709664;-29,298480564000002;7866,687984138701
2025-11-03 10:00:00;-1,1968564e-12;5,0;6,3157895;0,0;5,0;6,4231104;95,04;5,0;8,77;3,5;41,92913669064748;56,5589090909091;0,0;0,0;5,0;0,0;-5,0;0,0;10,962499999999999;5,6202216;0,0;-0,0;118,80000000000001;-0,0;135,38272160000002;8002,070705738701
2025-11-03 10:15:00;3,5768896;0,0;5,0;0,0;5,0;6,4231104;73,67;5,0;8,77;3,5;15,617622377622377;40,91637362637363;0,0;0,0;0,0;3,5768896;3,5768896;0,0;10,962499999999999;5,6202216;0,0;-0,0;0,0;-65,877364208;-49,294642608000004;7952,776063130701
2025-11-03 10:30:00;3,5768896;0,0;5,8495113;0,0;5,0;6,4231104;68,59;5,0;8,77;3,5;24,140505050505052;30,36072625698324;0,0;0,0;0,0;3,5768896;3,5768896;0,0;10,962499999999999;5,6202216;0,0;-0,0;0,0;-61,334714416000004;-44,751992816000005;7908,024070314701
2025-11-03 10:45:00;3,5768896;5,0;6,6990226;0,0;5,0;6,4231104;64,48;5,0;8,77;3,5;75,02758620689656;24,12296551724138;1,0;0,0;0,0;3,5768896;-1,4231104;0,0;10,962499999999999;5,6202216;93,7844827586207;-0,0;0,0;-57,659460352;52,70774400662069;7960,7318143213215
2025-11-03 11:00:00;3,5768896;2,597;6,2327444;0,0;5,0;6,4231104;73,35;5,0;8,77;3,5;80,49042016806723;52,78956790123457;0,5194;0,0;0,0;3,5768896;0,9798895999999999;0,0;10,962499999999999;5,6202216;52,25840529411765;-0,0;0,0;-65,59121304;3,2499138541176507;7963,9817281754395
2025-11-03 11:15:00;3,5768896;5,0;6,3988346;0,0;5,0;6,4231104;74,49;5,0;8,77;3,5;90,07652173913044;41,46948051948052;1,0;0,0;0,0;3,5768896;-1,4231104;0,0;10,962499999999999;5,6202216;112,59565217391305;-0,0;0,0;-66,61062657599999;62,567747197913064;8026,549475373353
2025-11-03 11:30:00;3,5768896;5,0;5,9325564;0,0;5,0;6,4231104;67,03;5,0;8,77;3,5;89,6092715231788;42,35698275862069;1,0;0,0;0,0;3,5768896;-1,4231104;0,0;10,962499999999999;5,6202216;112,0115894039735;-0,0;0,0;-59,939727472;68,6545835319735;8095,204058905327
2025-11-03 11:45:00;3,5768896;5,0;5,4662782;0,0;5,0;6,4231104;71,83;5,0;8,77;3,5;96,45541401273886;66,80093959731543;1,0;0,0;0,0;3,5768896;-1,4231104;0,0;10,962499999999999;5,6202216;120,56926751592357;-0,0;0,0;-64,231994992;72,91999412392359;8168,124053029251
2025-11-03 12:00:00;10,0;5,0;5,0;0,0;5,0;0,0;69,95;3,0;6,69;5,19;89,07625766871166;50,64725;1,0;0,0;0,0;10,0;5,0;0,0;8,3625;0,0;111,34532208588958;-0,0;0,0;-174,875;-55,167177914110425;8112,95687511514
2025-11-03 12:15:00;10,0;5,0;6,0592105;0,0;5,0;0,0;66,39;3,0;6,69;5,19;101,01417112299464;72,752987012987;1,0;0,0;0,0;10,0;5,0;0,0;8,3625;0,0;126,2677139037433;-0,0;0,0;-165,975;-31,344786096256684;8081,612089018883
2025-11-03 12:30:00;10,0;0,29;7,1184211;0,0;5,0;0,0;67,17;3,0;6,69;5,19;66,9448;51,365183486238536;0,057999999999999996;0,0;0,0;10,0;9,71;0,0;8,3625;0,0;4,853498;-0,0;0,0;-167,925;-154,709002;7926,9030870188835
2025-11-03 12:45:00;10,0;0,0;9,4171053;0,0;5,0;0,0;68,45;3,0;6,69;5,19;0,0;32,58208888888889;0,0;0,0;0,0;10,0;10,0;0,0;8,3625;0,0;0,0;-0,0;0,0;-171,125;-162,7625;7764,140587018884
2025-11-03 13:00:00;10,0;1,6595;11,792105;0,0;5,0;0,0;66,23;3,0;6,69;5,19;80,5459375;34,7802512562814;0,3319;0,0;0,0;10,0;8,3405;0,0;8,3625;0,0;33,4164958203125;-0,0;0,0;-165,57500000000002;-123,79600417968751;7640,344582839196
2025-11-03 13:15:00;10,0;5,0;13,730395;0,0;5,0;0,0;73,16;3,0;6,69;5,19;93,21298642533937;86,48235294117647;1,0;0,0;0,0;10,0;5,0;0,0;8,3625;0,0;116,5162330316742;-0,0;0,0;-182,89999999999998;-58,021266968325776;7582,32331587087
2025-11-03 13:30:00;0,0;5,0;14,789605;0,0;5,0;0,0;74,84;3,0;6,69;5,19;117,93177777777778;0,0;1,0;0,0;0,0;0,0;-5,0;0,0;8,3625;0,0;147,41472222222222;-0,0;0,0;-0,0;155,77722222222224;7738,100538093092
2025-11-03 13:45:00;6,8088643;0,0;13,473816;0,0;5,0;0,0;73,47;3,0;6,69;5,19;41,47346153846154;40,5658407079646;0,0;0,0;0,0;6,8088643;6,8088643;0,0;8,3625;0,0;0,0;-0,0;0,0;-125,06181503024999;-116,69931503024999;7621,401223062842
2025-11-03 14:00:00;10,0;3,4205;15,090921;0,0;5,0;0,0;64,13;3,0;6,69;5,19;50,267272727272726;49,39745454545455;0,6841;0,0;0,0;10,0;6,5794999999999995;0,0;8,3625;0,0;42,98480159090909;-0,0;0,0;-160,325;-108,97769840909089;7512,423524653751
2025-11-03 14:15:00;10,0;0,0;16,565789;0,0;5,0;0,0;66,63;3,0;6,69;5,19;13,39;18,728526785714283;0,0;0,0;0,0;10,0;10,0;0,0;8,3625;0,0;0,0;-0,0;0,0;-166,575;-158,21249999999998;7354,211024653751
2025-11-03 14:30:00;0,0;0,0;18,940789;0,0;5,0;0,0;74,77;3,0;6,69;5,19;0,0;-6,943422222222222;0,0;0,0;0,0;0,0;0,0;0,0;8,3625;0,0;0,0;0,0;0,0;-0,0;8,3625;7362,5735246537515
2025-11-03 14:45:00;0,0;5,0;18,940789;0,0;5,0;0,0;94,37;3,0;6,69;5,19;101,27329113924053;59,47398230088496;1,0;0,0;0,0;0,0;-5,0;0,0;8,3625;0,0;126,59161392405066;-0,0;0,0;-0,0;134,95411392405066;7497,5276385778025
2025-11-03 15:00:00;10,0;0,0;17,625;0,0;5,0;0,0;68,07;3,0;6,69;5,19;44,5103947368421;66,19843137254902;0,0;0,0;0,0;10,0;10,0;0,0;8,3625;0,0;0,0;-0,0;0,0;-170,17499999999998;-161,81249999999997;7335,7151385778025
2025-11-03 15:15:00;0,0;5,0;20,0;0,0;5,0;0,0;85,11;3,0;6,69;5,19;91,2376377952756;63,93409523809524;1,0;0,0;0,0;0,0;-5,0;0,0;8,3625;0,0;114,0470472440945;-0,0;0,0;-0,0;122,4095472440945;7458,124685821897
2025-11-03 15:30:00;0,0;5,0;18,684211;0,0;5,0;0,0;84,38;3,0;6,69;5,19;114,20265957446809;87,0423275862069;1,0;0,0;0,0;0,0;-5,0;0,0;8,3625;0,0;142,7533244680851;-0,0;0,0;-0,0;151,11582446808512;7609,240510289983
2025-11-03 15:45:00;0,0;5,0;17,368421;0,0;5,0;0,0;92,86;3,0;6,69;5,19;69,17887892376682;72,28891025641026;1,0;0,0;0,0;0,0;-5,0;0,0;8,3625;0,0;86,47359865470852;-0,0;0,0;-0,0;94,83609865470852;7704,0766089446915
2025-11-03 16:00:00;0,0;5,0;16,052632;0,0;5,0;3,0468144;85,06;2,5;8,56;1,11;77,56445544554455;95,88857142857142;1,0;0,0;0,0;0,0;-5,0;0,0;10,700000000000001;0,8454909960000001;96,9555693069307;-0,0;0,0;-0,0;108,5010603029307;7812,577669247622
2025-11-03 16:15:00;0,0;5,0;14,736842;0,0;5,0;3,0468144;92,1;2,5;8,56;1,11;94,83698630136986;68,60689655172413;1,0;0,0;0,0;0,0;-5,0;0,0;10,700000000000001;0,8454909960000001;118,54623287671232;-0,0;0,0;-0,0;130,09172387271232;7942,6693931203345
2025-11-03 16:30:00;0,0;0,0;13,421053;0,0;5,0;3,0468144;90,09;2,5;8,56;1,11;0,0;51,54888888888889;0,0;0,0;0,0;0,0;0,0;0,0;10,700000000000001;0,8454909960000001;0,0;-0,0;0,0;-0,0;11,545490996000002;7954,214884116334
2025-11-03 16:45:00;0,0;5,0;13,421053;0,0;5,0;3,0468144;103,69;2,5;8,56;1,11;62,265;75,69214611872147;0,0479;0,0;4,7605;0,0;-5,0;0,0;10,700000000000001;0,8454909960000001;3,728116875;-0,0;123,40406125000001;-0,0;138,677669121;8092,892553237334
2025-11-03 17:00:00;-1,1968564e-12;5,0;12,105263;0,0;5,0;3,0468144;96,21;2,5;8,56;1,11;32,537600000000005;77,68299019607844;0,0;0,0;5,0;0,0;-5,0;0,0;10,700000000000001;0,8454909960000001;0,0;-0,0;120,26249999999999;-0,0;131,807990996;8224,700544233334
2025-11-03 17:15:00;0,0;5,0;10,789474;0,0;5,0;3,0468144;94,53;2,5;8,56;1,11;70,13333333333334;71,20515555555555;0,0508;0,0;4,746;0,0;-5,0;0,0;10,700000000000001;0,8454909960000001;4,453466666666667;-0,0;112,15984500000002;-0,0;128,1588026626667;8352,859346896
2025-11-03 17:30:00;0,0;0,176;9,4736842;0,0;5,0;3,0468144;87,4;2,5;8,56;1,11;84,93176470588234;82,0496888888889;0,035199999999999995;0,0;0,0;0,0;-0,176;0,0;10,700000000000001;0,8454909960000001;3,736997647058823;-0,0;0,0;-0,0;15,282488643058825;8368,14183553906
2025-11-03 17:45:00;0,0;0,9515;9,4273684;0,0;5,0;3,0468144;91,94;2,5;8,56;1,11;77,60916279069768;77,22333333333333;0,1903;0,0;0,0;0,0;-0,9515;0,0;10,700000000000001;0,8454909960000001;18,461279598837212;-0,0;0,0;-0,0;30,006770594837214;8398,148606133896
2025-11-03 18:00:00;0,0;5,0;9,1769737;0,0;5,0;3,0468144;92,37;2,5;8,56;1,11;109,85755208333336;105,29912;1,0;0,0;0,0;0,0;-5,0;0,0;10,700000000000001;0,8454909960000001;137,32194010416669;-0,0;0,0;-0,0;148,8674311001667;8547,016037234063
2025-11-03 18:15:00;0,0;5,0;7,8611842;0,0;5,0;3,0468144;88,6;2,5;8,56;1,11;105,62253846153848;87,94523529411765;1,0;0,0;0,0;0,0;-5,0;0,0;10,700000000000001;0,8454909960000001;132,0281730769231;-0,0;0,0;-0,0;143,57366407292312;8690,589701306986
2025-11-03 18:30:00;-1,1968564e-12;0,0;6,5453947;0,0;5,0;3,0468144;91,25;2,5;8,56;1,11;45,42666666666667;58,775288888888895;0,0;0,0;0,0;0,0;0,0;0,0;10,700000000000001;0,8454909960000001;0,0;-0,0;0,0;-0,0;11,545490996000002;8702,135192302987
2025-11-03 18:45:00;-1,1968564e-12;0,0;6,5453947;0,0;5,0;3,0468144;90,0;2,5;8,56;1,11;0,0;56,77231111111112;0,0;0,0;0,0;0,0;0,0;0,0;10,700000000000001;0,8454909960000001;0,0;-0,0;0,0;-0,0;11,545490996000002;8713,680683298988
2025-11-03 19:00:00;0,0;0,4035;6,5453947;0,0;5,0;3,0468144;90,71;2,5;8,56;1,11;72,48486842105264;85,41272300469484;0,08070000000000001;0,0;0,0;0,0;-0,4035;0,0;10,700000000000001;0,8454909960000001;7,311911101973686;-0,0;0,0;-0,0;18,857402097973686;8732,538085396962
2025-11-03 19:15:00;0,0;5,0;6,4392105;0,0;5,0;3,0468144;86,8;2,5;8,56;1,11;75,24896000000001;90,17420634920636;1,0;0,0;0,0;0,0;-5,0;0,0;10,700000000000001;0,8454909960000001;94,06120000000001;-0,0;0,0;-0,0;105,60669099600001;8838,144776392963
2025-11-03 19:30:00;6,9531856;5,0;5,1234211;0,0;5,0;3,0468144;82,08;2,5;8,56;1,11;99,5824761904762;79,17642857142857;1,0;0,0;0,0;6,9531856;1,9531856000000003;0,0;10,700000000000001;0,8454909960000001;124,47809523809525;-0,0;0,0;-142,679368512;-6,655782277904734;8831,488994115058
2025-11-03 19:45:00;6,9531856;3,0195;5,4590132;0,0;5,0;3,0468144;66,71;2,5;8,56;1,11;85,2845751633987;81,48416666666667;0,6039;0,0;0,0;6,9531856;3,9336856000000004;0,0;10,700000000000001;0,8454909960000001;64,37919367647059;-0,0;0,0;-115,96175284399999;-40,0370681715294;8791,45192594353
2025-11-03 20:00:00;0,0;5,0;6,3157895;0,0;5,0;0,6179132;90,04;2,38;2,63;1,06;97,14202702702704;80,72586206896553;1,0;0,0;0,0;0,0;-5,0;0,0;3,2874999999999996;0,16374699800000003;121,4275337837838;-0,0;0,0;-0,0;124,8787807817838;8916,330706725314
2025-11-03 20:15:00;5,5401662;5,0;5,0;0,0;5,0;0,6179132;70,52;2,38;2,63;1,06;98,49115;78,38432835820896;1,0;0,0;0,0;5,5401662;0,5401661999999998;0,0;3,2874999999999996;0,16374699800000003;123,1139375;-0,0;0,0;-97,67313010599999;28,89205439200002;8945,222761117313
2025-11-03 20:30:00;5,5401662;5,0;5,0;0,0;5,0;0,6179132;68,34;2,38;2,63;1,06;98,32898305084746;88,46108108108108;1,0;0,0;0,0;5,5401662;0,5401661999999998;0,0;3,2874999999999996;0,16374699800000003;122,91122881355932;-0,0;0,0;-94,653739527;31,708736284559322;8976,931497401873
2025-11-03 20:45:00;9,3820868;0,402;5,0;0,0;5,0;0,6179132;57,63;2,38;2,63;1,06;83,157899543379;92,04381443298968;0,0804;0,0;0,0;9,3820868;8,9800868;0,0;3,2874999999999996;0,16374699800000003;8,35736890410959;-0,0;0,0;-135,17241557100002;-123,36379966889042;8853,567697732982
2025-11-03 21:00:00;0,0;5,0;7,1224561;0,0;5,0;0,6179132;63,76;2,38;2,63;1,06;95,97549107142856;83,73263157894738;1,0;0,0;0,0;0,0;-5,0;0,0;3,2874999999999996;0,16374699800000003;119,9693638392857;-0,0;0,0;-0,0;123,42061083728571;8976,988308570268
2025-11-03 21:15:00;9,3820868;5,0;5,8066667;0,0;5,0;0,6179132;56,73;2,38;2,63;1,06;105,15972677595629;96,39243589743587;1,0;0,0;0,0;9,3820868;4,3820868;0,0;3,2874999999999996;0,16374699800000003;131,44965846994535;-0,0;0,0;-133,06144604099998;1,8394594269453535;8978,827767997213
2025-11-03 21:30:00;0,0;5,0;6,7191228;0,0;5,0;0,6179132;65,24;2,38;2,63;1,06;79,29664233576642;89,4643846153846;1,0;0,0;0,0;0,0;-5,0;0,0;3,2874999999999996;0,16374699800000003;99,12080291970803;-0,0;0,0;-0,0;102,57204991770803;9081,39981791492
2025-11-03 21:45:00;9,3820868;5,0;5,4033333;0,0;5,0;0,6179132;54,3;2,38;2,63;1,06;88,64974025974026;51,414661016949154;1,0;0,0;0,0;9,3820868;4,3820868;0,0;3,2874999999999996;0,16374699800000003;110,81217532467532;-0,0;0,0;-127,36182830999999;-13,098405987324668;9068,301411927596
2025-11-03 22:00:00;0,0;5,0;6,3157895;0,0;5,0;0,6179132;66,41;2,38;2,63;1,06;111,92377272727272;18,2;1,0;0,0;0,0;0,0;-5,0;0,0;3,2874999999999996;0,16374699800000003;139,9047159090909;-0,0;0,0;-0,0;143,35596290709088;9211,657374834687
2025-11-03 22:15:00;5,5401662;5,0;5,0;0,0;5,0;0,6179132;54,42;2,38;2,63;1,06;98,20814606741573;89,80382978723404;1,0;0,0;0,0;5,5401662;0,5401661999999998;0,0;3,2874999999999996;0,16374699800000003;122,76018258426966;-0,0;0,0;-75,373961151;50,837468431269656;9262,494843265957
2025-11-03 22:30:00;0,90138504;0,8135;5,0;0,0;5,0;0,6179132;47,99;2,38;2,63;1,06;70,01383458646616;79,09816568047337;0,1627;0,0;0,0;0,90138504;0,08788503999999986;0,0;3,2874999999999996;0,16374699800000003;14,239063609022557;-0,0;0,0;-10,8143670174;6,8759435896225565;9269,37078685558
2025-11-03 22:45:00;5,9240997;0,3465;5,0;0,0;5,0;0,6179132;42,03;2,38;2,63;1,06;93,04769230769232;12,034858490566036;0,0693;0,0;0,0;5,9240997;5,5775997;0,0;3,2874999999999996;0,16374699800000003;8,060256346153848;-0,0;0,0;-62,247477597750006;-50,735974253596154;9218,634812601984
2025-11-03 23:00:00;0,0;5,0;6,3157895;0,0;5,0;0,6179132;50,65;2,38;2,63;1,06;118,56962162162162;64,05435483870967;1,0;0,0;0,0;0,0;-5,0;0,0;3,2874999999999996;0,16374699800000003;148,21202702702703;-0,0;0,0;-0,0;151,66327402502702;9370,298086627012
2025-11-03 23:15:00;9,3820868;4,048;5,0;0,0;5,0;0,6179132;26,03;2,38;2,63;1,06;95,1325;53,900163934426224;0,8096;0,0;0,0;9,3820868;5,3340868;0,0;3,2874999999999996;0,16374699800000003;96,27409;-0,0;0,0;-61,053929851;38,671407147000004;9408,969493774011
2025-11-03 23:30:00;0,64339797;5,0;6,1629825;0,0;5,0;0,6179132;28,98;2,38;2,63;1,06;101,95886666666668;66,45529411764706;1,0;0,0;0,0;0,64339797;-4,35660203;0,0;3,2874999999999996;0,16374699800000003;127,44858333333335;-0,0;0,0;-4,66141829265;126,23841203868334;9535,207905812695
2025-11-03 23:45:00;9,3820868;-1,1968564e-12;5,0;0,0;5,0;0,6179132;9,2;2,38;2,63;1,06;43,38691176470588;43,99145631067961;0,0;0,0;0,0;9,3820868;9,3820868;0,0;3,2874999999999996;0,16374699800000003;0,0;-0,0;0,0;-21,578799639999996;-18,127552641999998;9517,080353170695
2025-11-04 00:00:00;0,0;5,0;7,2282456;0,0;5,0;2,8598338;35,1;2,19;1,15;4,02;57,75170068027211;27,46720930232558;1,0;0,0;0,0;0,0;-5,0;0,0;1,4375;2,8741329689999997;72,18962585034014;-0,0;0,0;-0,0;76,50125881934014;9593,581611990036
2025-11-04 00:15:00;1,6982456;5,0;5,9124561;0,0;5,0;2,8598338;15,07;2,19;1,15;4,02;94,78817351598174;53,72904761904762;1,0;0,0;0,0;1,6982456;-3,3017544;0,0;1,4375;2,8741329689999997;118,48521689497717;-0,0;0,0;-6,3981402979999995;116,39870956597717;9709,980321556013
2025-11-04 00:30:00;7,1401662;5,0;5,0;0,0;5,0;2,8598338;9,95;2,19;1,15;4,02;79,34829787234042;44,97581081081081;1,0;0,0;0,0;7,1401662;2,1401662000000004;0,0;1,4375;2,8741329689999997;99,18537234042553;-0,0;0,0;-17,7611634225;85,73584188692553;9795,71616344294
2025-11-04 00:45:00;7,1401662;-5,6586232e-12;5,38;0,0;5,0;2,8598338;6,0;2,19;1,15;4,02;0,0;13,553511111111112;0,0;0,0;0,0;7,1401662;7,1401662;0,0;1,4375;2,8741329689999997;0,0;-0,0;0,0;-10,710249300000001;-6,398616331000001;9789,31754711194
2025-11-04 01:00:00;7,1401662;5,0;7,0757895;0,0;5,0;2,8598338;9,0;2,19;1,15;4,02;94,47365979381443;48,83461538461539;1,0;0,0;0,0;7,1401662;2,1401662000000004;0,0;1,4375;2,8741329689999997;118,09207474226804;-0,0;0,0;-16,06537395;106,33833376126805;9895,655880873208
2025-11-04 01:15:00;7,1401662;5,0;7,4557895;0,0;5,0;2,8598338;6,72;2,19;1,15;4,02;63,48559322033898;57,24486486486487;1,0;0,0;0,0;7,1401662;2,1401662000000004;0,0;1,4375;2,8741329689999997;79,35699152542372;-0,0;0,0;-11,995479216;71,67314527842373;9967,329026151632
2025-11-04 01:30:00;7,1401662;-1,0883035e-12;7,8357895;0,0;5,0;2,8598338;7,42;2,19;1,15;4,02;38,13272222222222;55,34414634146341;0,0;0,0;0,0;7,1401662;7,1401662;0,0;1,4375;2,8741329689999997;0,0;-0,0;0,0;-13,245008301;-8,933375332;9958,395650819632
2025-11-04 01:45:00;7,1401662;-1,1968564e-12;9,5315789;0,0;5,0;2,8598338;5,89;2,19;1,15;4,02;39,27995024875622;49,90912280701754;0,0;0,0;0,0;7,1401662;7,1401662;0,0;1,4375;2,8741329689999997;0,0;-0,0;0,0;-10,5138947295;-6,202261760500001;9952,193389059132
2025-11-04 02:00:00;7,1401662;5,0;11,227368;0,0;5,0;2,8598338;5,14;2,19;1,15;4,02;111,59408888888888;80,5675;1,0;0,0;0,0;7,1401662;2,1401662000000004;0,0;1,4375;2,8741329689999997;139,4926111111111;-0,0;0,0;-9,175113567;134,62913051311108;10086,822519572243
2025-11-04 02:15:00;7,1401662;5,0;11,607368;0,0;5,0;2,8598338;4,35;2,19;1,15;4,02;136,45715555555554;0,0;1,0;0,0;0,0;7,1401662;2,1401662000000004;0,0;1,4375;2,8741329689999997;170,57144444444444;-0,0;0,0;-7,7649307425;167,1181466709444;10253,940666243187
2025-11-04 02:30:00;7,1401662;5,0;11,987368;0,0;5,0;2,8598338;5,05;2,19;1,15;4,02;119,17158371040723;74,488;1,0;0,0;0,0;7,1401662;2,1401662000000004;0,0;1,4375;2,8741329689999997;148,96447963800904;-0,0;0,0;-9,0144598275;144,26165277950903;10398,202319022696
2025-11-04 02:45:00;7,1401662;5,0;12,367368;0,0;5,0;2,8598338;5,16;2,19;1,15;4,02;132,9716888888889;0,0;1,0;0,0;0,0;7,1401662;2,1401662000000004;0,0;1,4375;2,8741329689999997;166,21461111111114;-0,0;0,0;-9,210814398;161,31542968211113;10559,517748704806
2025-11-04 03:00:00;7,1401662;5,0;12,747368;0,0;5,0;2,8598338;5,11;2,19;1,15;4,02;73,36978102189781;56,57876288659794;1,0;0,0;0,0;7,1401662;2,1401662000000004;0,0;1,4375;2,8741329689999997;91,71222627737225;-0,0;0,0;-9,1215623205;86,90229692587225;10646,420045630679
2025-11-04 03:15:00;7,1401662;1,142;13,127368;0,0;5,0;2,8598338;5,16;2,19;1,15;4,02;75,45175182481752;66,98973544973545;0,2284;0,0;0,0;7,1401662;5,9981662;0,0;1,4375;2,8741329689999997;21,5414751459854;-0,0;0,0;-9,210814398;16,642293716985403;10663,062339347664
2025-11-04 03:30:00;7,1401662;5,0;14,522632;0,0;5,0;2,8598338;5,76;2,19;1,15;4,02;121,98185520361992;89,35305555555556;1,0;0,0;0,0;7,1401662;2,1401662000000004;0,0;1,4375;2,8741329689999997;152,4773190045249;-0,0;0,0;-10,281839328;146,5071126455249;10809,569451993188
2025-11-04 03:45:00;7,1401662;5,0;14,902632;0,0;5,0;2,8598338;9,22;2,19;1,15;4,02;109,20197530864198;47,37406976744186;1,0;0,0;0,0;7,1401662;2,1401662000000004;0,0;1,4375;2,8741329689999997;136,50246913580247;-0,0;0,0;-16,458083091000002;124,35601901380245;10933,92547100699
2025-11-04 04:00:00;10,0;0,124;15,282632;0,0;5,0;5,0057919e-13;5,19;2,5;2,48;2,62;81,45;50,55630841121495;0,0248;0,0;0,0;10,0;9,876;0,0;3,1;3,2787936945000003e-13;2,52495;-0,0;0,0;-12,975000000000001;-7,350049999999674;10926,575421006992
2025-11-04 04:15:00;10,0;0,0;17,625;0,0;5,0;5,0057919e-13;5,17;2,5;2,48;2,62;40,998333333333335;59,96704035874439;0,0;0,0;0,0;10,0;10,0;0,0;3,1;3,2787936945000003e-13;0,0;-0,0;0,0;-12,925;-9,824999999999672;10916,750421006993
2025-11-04 04:30:00;0,0;5,0;20,0;0,0;5,0;5,0057919e-13;39,5;2,5;2,48;2,62;64,86435483870967;62,73858974358974;0,3254;0,0;3,3729999999999998;0,0;-5,0;0,0;3,1;3,2787936945000003e-13;26,383576330645162;-0,0;33,308375;-0,0;62,79195133064549;10979,542372337639
2025-11-04 04:45:00;1,3102493;0,2075;18,684211;0,0;5,0;5,0057919e-13;34,93;2,5;2,48;2,62;61,75823529411764;65,43759999999999;0,041499999999999995;0,0;2,7755575615628914e-17;1,3102493;1,1027493;0,0;3,1;3,2787936945000003e-13;3,203708455882352;-0,0;2,423755640634795e-16;-11,44175201225;-5,13804355636732;10974,404328781271
2025-11-04 05:00:00;10,0;5,0;18,940789;0,0;5,0;5,0057919e-13;18,77;2,5;2,48;2,62;96,48540372670809;55,25516129032258;1,0;0,0;0,0;10,0;5,0;0,0;3,1;3,2787936945000003e-13;120,60675465838511;-0,0;0,0;-46,925;76,78175465838544;11051,186083439656
2025-11-04 05:15:00;5,5401662;5,0;20,0;0,0;5,0;5,0057919e-13;56,16;2,5;2,48;2,62;111,2788;87,7;1,0;0,0;0,0;5,5401662;0,5401661999999998;0,0;3,1;3,2787936945000003e-13;139,0985;-0,0;0,0;-77,783933448;64,41456655200034;11115,600649991657
2025-11-04 05:30:00;5,5401662;5,0;20,0;0,0;5,0;5,0057919e-13;69,89;2,5;2,48;2,62;102,04902222222222;78,823125;1,0;0,0;0,0;5,5401662;0,5401661999999998;0,0;3,1;3,2787936945000003e-13;127,56127777777778;-0,0;0,0;-96,8005539295;33,86072384827811;11149,461373839935
2025-11-04 05:45:00;0,0;5,0;20,0;0,0;5,0;5,0057919e-13;88,91;2,5;2,48;2,62;87,39582959641255;58,97394957983194;1,0;0,0;0,0;0,0;-5,0;0,0;3,1;3,2787936945000003e-13;109,2447869955157;-0,0;0,0;-0,0;112,34478699551602;11261,806160835451
2025-11-04 06:00:00;10,0;5,0;18,684211;0,0;5,0;5,0057919e-13;33,92;2,5;2,48;2,62;130,268125;65,74322033898305;1,0;0,0;0,0;10,0;5,0;0,0;3,1;3,2787936945000003e-13;162,83515625;-0,0;0,0;-84,80000000000001;81,13515625000034;11342,941317085451
2025-11-04 06:15:00;5,3584488;5,0;19,743421;0,0;5,0;5,0057919e-13;79,62;2,5;2,48;2,62;130,2104888888889;0,0;1,0;0,0;0,0;5,3584488;0,3584487999999997;0,0;3,1;3,2787936945000003e-13;162,76311111111113;-0,0;0,0;-106,659923364;59,20318774711147;11402,144504832562
2025-11-04 06:30:00;0,0;5,0;19,700263;0,0;5,0;5,0057919e-13;99,44;2,5;2,48;2,62;107,91266666666668;101,85;1,0;0,0;0,0;0,0;-5,0;0,0;3,1;3,2787936945000003e-13;134,89083333333335;-0,0;0,0;-0,0;137,99083333333368;11540,135338165896
2025-11-04 06:45:00;0,0;5,0;18,384474;0,0;5,0;5,0057919e-13;111,17;2,5;2,48;2,62;150,4671111111111;79,40166666666666;1,0;0,0;0,0;0,0;-5,0;0,0;3,1;3,2787936945000003e-13;188,08388888888888;-0,0;0,0;-0,0;191,18388888888921;11731,319227054784
2025-11-04 07:00:00;0,0;5,0;17,068684;0,0;5,0;5,0057919e-13;106,88;2,5;2,48;2,62;102,18288990825688;68,74509433962264;1,0;0,0;0,0;0,0;-5,0;0,0;3,1;3,2787936945000003e-13;127,7286123853211;-0,0;0,0;-0,0;130,82861238532143;11862,147839440106
2025-11-04 07:15:00;0,0;5,0;15,752895;0,0;5,0;5,0057919e-13;124,53;2,5;2,48;2,62;117,57768888888889;85,90864864864865;1,0;0,0;0,0;0,0;-5,0;0,0;3,1;3,2787936945000003e-13;146,9721111111111;-0,0;0,0;-0,0;150,07211111111144;12012,219950551216
2025-11-04 07:30:00;0,0;5,0;14,437105;0,0;5,0;5,0057919e-13;118,01;2,5;2,48;2,62;132,54213333333334;127,7464150943396;1,0;0,0;0,0;0,0;-5,0;0,0;3,1;3,2787936945000003e-13;165,67766666666668;-0,0;0,0;-0,0;168,77766666666702;12180,997617217883
2025-11-04 07:45:00;0,0;5,0;13,121316;0,0;5,0;5,0057919e-13;107,81;2,5;2,48;2,62;150,37346846846845;162,10994791666667;0,1631;0,0;4,1845;0,0;-5,0;0,0;3,1;3,2787936945000003e-13;30,657390884009004;-0,0;112,78273625;-0,0;146,54012713400934;12327,537744351892
2025-11-04 08:00:00;0,0;5,0;11,805526;0,0;5,0;3,475277;130,78;5,25;8,3;3,24;108,00235294117648;81,93390134529147;0,13999999999999999;0,0;4,3;0,0;-5,0;0,0;10,375;2,8149743700000003;18,900411764705883;-0,0;140,58849999999998;-0,0;172,67888613470586;12500,216630486597
2025-11-04 08:15:00;0,0;5,0;10,489737;0,0;5,0;3,475277;121,44;5,25;8,3;3,24;82,83500000000001;64,6676;0,0849;0,0;4,5755;0,0;-5,0;0,0;10,375;2,8149743700000003;8,790864375;-0,0;138,91218;-0,0;160,893018745;12661,109649231597
2025-11-04 08:30:00;0,0;5,0;9,1739474;0,0;5,0;3,475277;102,96;5,25;8,3;3,24;57,24757281553398;68,66158940397351;0,0431;0,0;4,7845;0,0;-5,0;0,0;10,375;2,8149743700000003;3,084212985436893;-0,0;123,15303;-0,0;139,42721735543688;12800,536866587034
2025-11-04 08:45:00;0,0;0,861;7,8581579;0,0;5,0;3,475277;84,82;5,25;8,3;3,24;81,22991111111111;57,43542372881356;0,1722;0,0;0,0;0,0;-0,861;0,0;10,375;2,8149743700000003;17,484738366666665;-0,0;0,0;-0,0;30,674712736666663;12831,2115793237
2025-11-04 09:00:00;0,0;5,0;7,6315789;0,0;5,0;3,475277;98,0;5,25;8,3;3,24;152,58875555555557;79,18357142857144;1,0;0,0;0,0;0,0;-5,0;0,0;10,375;2,8149743700000003;190,73594444444444;-0,0;0,0;-0,0;203,92591881444443;13035,137498138145
2025-11-04 09:15:00;0,0;5,0;6,3157895;0,0;5,0;3,475277;96,04;5,25;8,3;3,24;165,3304;76,95625;1,0;0,0;0,0;0,0;-5,0;0,0;10,375;2,8149743700000003;206,663;-0,0;0,0;-0,0;219,85297437;13254,990472508145
2025-11-04 09:30:00;3,6969529;3,3365;5,0;0,0;5,0;3,475277;72,95;5,25;8,3;3,24;111,50326424870468;74,39171875;0,6673;0,0;0,0;3,6969529;0,36045289999999985;0,0;10,375;2,8149743700000003;93,00766029145079;-0,0;0,0;-67,42317851375;38,77445614770079;13293,764928655846
2025-11-04 09:45:00;6,524723;0,351;5,0;0,0;5,0;3,475277;56,4;5,25;8,3;3,24;59,55545454545455;45,79346666666667;0,0702;0,0;0,0;6,524723;6,173723;0,0;10,375;2,8149743700000003;5,225991136363636;-0,0;0,0;-91,9985943;-73,58262879363636;13220,18229986221
2025-11-04 10:00:00;0,0;5,0;6,4572533;0,0;5,0;3,475277;73,02;5,25;8,3;3,24;0,0;1,340577777777778;0,0;0,0;5,0;0,0;-5,0;0,0;10,375;2,8149743700000003;0,0;-0,0;91,27499999999999;-0,0;104,46497437;13324,64727423221
2025-11-04 10:15:00;6,524723;0,0;5,1414638;0,0;5,0;3,475277;60,64;5,25;8,3;3,24;0,0;5,038488888888888;0,0;0,0;0,0;6,524723;6,524723;0,0;10,375;2,8149743700000003;0,0;-0,0;0,0;-98,91480068;-85,72482631;13238,92244792221
2025-11-04 10:30:00;6,524723;0,1745;6,6910855;0,0;5,0;3,475277;57,45;5,25;8,3;3,24;57,52;21,84933333333333;0,0349;0,0;0,0;6,524723;6,350223;0,0;10,375;2,8149743700000003;2,50931;-0,0;0,0;-93,7113340875;-78,0120497175;13160,91039820471
2025-11-04 10:45:00;6,524723;0,0;8,1947862;0,0;5,0;3,475277;51,48;5,25;8,3;3,24;29,375;19,524170403587444;0,0;0,0;0,0;6,524723;6,524723;0,0;10,375;2,8149743700000003;0,0;-0,0;0,0;-83,97318501;-70,78321064;13090,12718756471
2025-11-04 11:00:00;6,524723;3,5335;9,7444079;0,0;5,0;3,475277;57,79;5,25;8,3;3,24;55,55478021978021;27,90612903225806;0,7067;0,0;0,0;6,524723;2,9912229999999997;0,0;10,375;2,8149743700000003;49,07570397664835;-0,0;0,0;-94,2659355425;-32,00025719585165;13058,126930368859
2025-11-04 11:15:00;6,524723;0,0;10,364161;0,0;5,0;3,475277;54,47;5,25;8,3;3,24;49,26793296089385;61,02032258064516;0,0;0,0;0,0;6,524723;6,524723;0,0;10,375;2,8149743700000003;0,0;-0,0;0,0;-88,8504154525;-75,6604410825;12982,466489286358
2025-11-04 11:30:00;6,524723;5,0;11,913783;0,0;5,0;3,475277;50,23;5,25;8,3;3,24;126,70484444444445;57,52;1,0;0,0;0,0;6,524723;1,5247229999999998;0,0;10,375;2,8149743700000003;158,38105555555555;-0,0;0,0;-81,9342090725;89,63682085305554;13072,103310139413
2025-11-04 11:45:00;6,524723;5,0;12,147615;0,0;5,0;3,475277;48,99;5,25;8,3;3,24;126,04013513513512;-5,778;1,0;0,0;0,0;6,524723;1,5247229999999998;0,0;10,375;2,8149743700000003;157,5501689189189;0,0;0,0;-79,9115449425;90,82859834641889;13162,931908485833
2025-11-04 12:00:00;10,0;0,95;12,381447;0,0;5,0;5,0093263e-13;47,13;3,85;6,17;4,74;56,233252032520326;38,89625;0,19;0,0;0,0;10,0;9,05;0,0;7,7125;5,9360516655e-13;13,355397357723577;-0,0;0,0;-117,825;-96,75710264227584;13066,174805843557
2025-11-04 12:15:00;10,0;0,2245;14,506447;0,0;5,0;5,0093263e-13;47,95;3,85;6,17;4,74;72,99909090909091;27,25583333333333;0,0449;0,0;0,0;10,0;9,7755;0,0;7,7125;5,9360516655e-13;4,097073977272728;-0,0;0,0;-119,875;-108,06542602272668;12958,10937982083
2025-11-04 12:30:00;10,0;5,0;16,822368;0,0;5,0;5,0093263e-13;50,1;3,85;6,17;4,74;121,7396;23,75267441860465;1,0;0,0;0,0;10,0;5,0;0,0;7,7125;5,9360516655e-13;152,1745;-0,0;0,0;-125,25;34,6370000000006;12992,74637982083
2025-11-04 12:45:00;10,0;5,0;17,881579;0,0;5,0;5,0093263e-13;55,43;3,85;6,17;4,74;95,31343283582088;58,89515625;1,0;0,0;0,0;10,0;5,0;0,0;7,7125;5,9360516655e-13;119,1417910447761;-0,0;0,0;-138,575;-11,720708955223301;12981,025670865607
2025-11-04 13:00:00;10,0;5,0;18,940789;0,0;5,0;5,0093263e-13;44,99;3,85;6,17;4,74;104,17178403755868;95,25695652173911;1,0;0,0;0,0;10,0;5,0;0,0;7,7125;5,9360516655e-13;130,21473004694835;-0,0;0,0;-112,47500000000001;25,45223004694894;13006,477900912556
2025-11-04 13:15:00;5,5401662;5,0;20,0;0,0;5,0;5,0093263e-13;62,8;3,85;6,17;4,74;96,99772727272727;73,29951219512196;1,0;0,0;0,0;5,5401662;0,5401661999999998;0,0;7,7125;5,9360516655e-13;121,2471590909091;-0,0;0,0;-86,98060933999999;41,97904975090971;13048,456950663465
2025-11-04 13:30:00;0,0;5,0;20,0;0,0;5,0;5,0093263e-13;75,52;3,85;6,17;4,74;102,98973684210526;62,176274509803925;1,0;0,0;0,0;0,0;-5,0;0,0;7,7125;5,9360516655e-13;128,73717105263157;-0,0;0,0;-0,0;136,44967105263217;13184,906621716098
2025-11-04 13:45:00;0,0;5,0;18,684211;0,0;5,0;5,0093263e-13;84,44;3,85;6,17;4,74;103,71826666666666;36,4455;1,0;0,0;0,0;0,0;-5,0;0,0;7,7125;5,9360516655e-13;129,64783333333332;-0,0;0,0;-0,0;137,36033333333393;13322,266955049432
2025-11-04 14:00:00;10,0;2,199;17,368421;0,0;5,0;5,0093263e-13;52,89;3,85;6,17;4,74;65,28575471698113;35,92487804878049;0,43979999999999997;0,0;0,0;10,0;7,801;0,0;7,7125;5,9360516655e-13;35,890843655660376;-0,0;0,0;-132,225;-88,62165634433902;13233,645298705093
2025-11-04 14:15:00;9,0570637;5,0;19,164737;0,0;5,0;5,0093263e-13;70,41;3,85;6,17;4,74;112,88071111111113;0,0;1,0;0,0;0,0;9,0570637;4,0570637000000005;0,0;7,7125;5,9360516655e-13;141,1008888888889;-0,0;0,0;-159,42696377925;-10,613574890360496;13223,031723814733
2025-11-04 14:30:00;5,5401662;5,0;20,0;0,0;5,0;5,0093263e-13;86,89;3,85;6,17;4,74;113,75984771573604;71,33243243243244;1,0;0,0;0,0;5,5401662;0,5401661999999998;0,0;7,7125;5,9360516655e-13;142,19980964467004;-0,0;0,0;-120,3462602795;29,56604936517064;13252,597773179903
2025-11-04 14:45:00;0,0;5,0;20,0;0,0;5,0;5,0093263e-13;114,01;3,85;6,17;4,74;126,43404444444444;120,5;1,0;0,0;0,0;0,0;-5,0;0,0;7,7125;5,9360516655e-13;158,04255555555554;-0,0;0,0;-0,0;165,75505555555614;13418,352828735458
2025-11-04 15:00:00;10,0;5,0;18,684211;0,0;5,0;5,0093263e-13;84,19;3,85;6,17;4,74;95,15297777777776;74,9789552238806;1,0;0,0;0,0;10,0;5,0;0,0;7,7125;5,9360516655e-13;118,94122222222221;-0,0;0,0;-210,475;-83,8212777777772;13334,531550957681
2025-11-04 15:15:00;4,3290859;5,0;19,743421;0,0;5,0;5,0093263e-13;100,25;3,85;6,17;4,74;140,76725388601037;64,64761904761905;1,0;0,0;0,0;4,3290859;-0,6709141000000001;0,0;7,7125;5,9360516655e-13;175,95906735751296;-0,0;0,0;-108,49771536875;75,17385198876357;13409,705402946445
2025-11-04 15:30:00;0,0;5,0;19,455789;0,0;5,0;5,0093263e-13;114,35;3,85;6,17;4,74;149,58057777777776;0,0;1,0;0,0;0,0;0,0;-5,0;0,0;7,7125;5,9360516655e-13;186,9757222222222;-0,0;0,0;-0,0;194,6882222222228;13604,393625168668
2025-11-04 15:45:00;0,0;5,0;18,14;0,0;5,0;5,0093263e-13;166,27;3,85;6,17;4,74;139,53486631016042;30,03720930232558;1,0;0,0;0,0;0,0;-5,0;0,0;7,7125;5,9360516655e-13;174,41858288770052;-0,0;0,0;-0,0;182,13108288770113;13786,52470805637
2025-11-04 16:00:00;10,0;2,7315;16,824211;0,0;5,0;0,0;92,23;2,65;8,43;1,04;51,60663594470046;70,95795454545454;0,5463;0,0;0,0;10,0;7,2684999999999995;0,0;10,5375;0,0;35,240881520737325;-0,0;0,0;-230,57500000000002;-184,7966184792627;13601,728089577107
2025-11-04 16:15:00;0,0;5,0;18,480395;0,0;5,0;0,0;114,0;2,65;8,43;1,04;46,62058823529412;83,48226415094341;0,0;0,0;5,0;0,0;-5,0;0,0;10,5375;0,0;0,0;-0,0;142,5;-0,0;153,0375;13754,765589577108
2025-11-04 16:30:00;0,0;5,0;17,164605;0,0;5,0;0,0;131,29;2,65;8,43;1,04;57,26741379310344;84,05030150753768;0,039;0,0;4,805;0,0;-5,0;0,0;10,5375;0,0;2,7917864224137925;-0,0;157,7121125;-0,0;171,04139892241378;13925,806988499522
2025-11-04 16:45:00;0,0;5,0;15,848816;0,0;5,0;0,0;172,38;2,65;8,43;1,04;0,0;74,14226666666666;0,0;0,0;5,0;0,0;-5,0;0,0;10,5375;0,0;0,0;-0,0;215,475;-0,0;226,0125;14151,819488499523
2025-11-04 17:00:00;0,0;5,0;14,533026;0,0;5,0;0,0;132,0;2,65;8,43;1,04;0,0;53,2512;0,0;0,0;5,0;0,0;-5,0;0,0;10,5375;0,0;0,0;-0,0;165,0;-0,0;175,5375;14327,356988499523
2025-11-04 17:15:00;0,0;5,0;13,217237;0,0;5,0;0,0;129,25;2,65;8,43;1,04;54,36;79,27808888888889;0,023100000000000002;0,0;4,8845;0,0;-5,0;0,0;10,5375;0,0;1,5696450000000002;-0,0;157,83040625;-0,0;169,93755125;14497,294539749522
2025-11-04 17:30:00;0,0;5,0;11,901447;0,0;5,0;0,0;131,85;2,65;8,43;1,04;37,9;55,6424;0,0;0,0;5,0;0,0;-5,0;0,0;10,5375;0,0;0,0;-0,0;164,8125;-0,0;175,35;14672,644539749523
2025-11-04 17:45:00;0,0;5,0;10,585658;0,0;5,0;0,0;123,3;2,65;8,43;1,04;60,85675324675325;70,68613333333334;0,0414;0,0;4,793;0,0;-5,0;0,0;10,5375;0,0;3,1493369805194806;-0,0;147,744225;-0,0;161,43106198051947;14834,075601730043
2025-11-04 18:00:00;0,0;5,0;9,2698684;0,0;5,0;0,0;153,06;2,65;8,43;1,04;65,83285714285714;76,74657777777777;0,0333;0,0;4,8335;0,0;-5,0;0,0;10,5375;0,0;2,7402926785714286;-0,0;184,9538775;-0,0;198,23167017857142;15032,307271908614
2025-11-04 18:15:00;0,0;5,0;7,9540789;0,0;5,0;0,0;127,01;2,65;8,43;1,04;105,750078125;69,3201724137931;1,0;0,0;0,0;0,0;-5,0;0,0;10,5375;0,0;132,18759765625;-0,0;0,0;-0,0;142,72509765625;15175,032369564864
2025-11-04 18:30:00;0,0;5,0;6,6382895;0,0;5,0;0,0;118,0;2,65;8,43;1,04;69,40481927710843;83,75722727272728;0,0439;0,0;4,7805;0,0;-5,0;0,0;10,5375;0,0;3,8085894578313253;-0,0;141,02475;-0,0;155,37083945783132;15330,403209022696
2025-11-04 18:45:00;10,0;0,2505;5,3225;0,0;5,0;0,0;92,98;2,65;8,43;1,04;65,75506024096386;85,0140625;0,0501;0,0;0,0;10,0;9,7495;0,0;10,5375;0,0;4,117910647590362;-0,0;0,0;-232,45000000000002;-217,79458935240964;15112,608619670285
2025-11-04 19:00:00;0,0;5,0;7,6315789;0,0;5,0;0,0;132,3;2,65;8,43;1,04;100,8224861878453;75,24089285714285;1,0;0,0;0,0;0,0;-5,0;0,0;10,5375;0,0;126,02810773480662;-0,0;0,0;-0,0;136,56560773480663;15249,174227405092
2025-11-04 19:15:00;0,0;5,0;6,3157895;0,0;5,0;0,0;114,0;2,65;8,43;1,04;125,55739583333332;68,23934782608696;1,0;0,0;0,0;0,0;-5,0;0,0;10,5375;0,0;156,94674479166665;-0,0;0,0;-0,0;167,48424479166664;15416,65847219676
2025-11-04 19:30:00;1,6891967;0,3555;5,0;0,0;5,0;0,0;95,0;2,65;8,43;1,04;72,7388;69,74677419354839;0,0711;0,0;0,0;1,6891967;1,3336967000000002;0,0;10,5375;0,0;6,46466085;-0,0;0,0;-40,118421625;-23,116260775000004;15393,54221142176
2025-11-04 19:45:00;10,0;0,194;5,3076316;0,0;5,0;0,0;85,49;2,65;8,43;1,04;64,45678571428572;60,57753424657534;0,0388;0,0;0,0;10,0;9,806;0,0;10,5375;0,0;3,1261541071428574;-0,0;0,0;-213,725;-200,06134589285713;15193,480865528903
2025-11-04 20:00:00;0,0;5,0;7,6315789;0,0;5,0;4,5266661e-12;106,01;2,25;2,54;1,04;74,88892857142858;73,6474375;0,248;0,0;3,76;0,0;-5,0;0,0;3,175;1,176933186e-12;23,215567857142858;-0,0;99,6494;-0,0;126,03996785714403;15319,520833386048
2025-11-04 20:15:00;0,0;5,0;6,3157895;0,0;5,0;4,5266661e-12;98,41;2,25;2,54;1,04;89,642;69,6659649122807;1,0;0,0;0,0;0,0;-5,0;0,0;3,175;1,176933186e-12;112,0525;-0,0;0,0;-0,0;115,22750000000117;15434,74833338605
2025-11-04 20:30:00;10,0;0,2435;5,0;0,0;5,0;4,5266661e-12;87,68;2,25;2,54;1,04;76,70565789473685;86,70200892857143;0,0487;0,0;0,0;10,0;9,7565;0,0;3,175;1,176933186e-12;4,669456924342105;-0,0;0,0;-219,20000000000002;-211,35554307565673;15223,392790310392
2025-11-04 20:45:00;1,3501385;5,0;7,3109211;0,0;5,0;4,5266661e-12;94,91;2,25;2,54;1,04;79,44730593607305;74,95774647887323;1,0;0,0;0,0;1,3501385;-3,6498615;0,0;3,175;1,176933186e-12;99,30913242009132;-0,0;0,0;-32,035411258749996;70,44872116134249;15293,841511471735
2025-11-04 21:00:00;0,0;5,0;6,3157895;0,0;5,0;4,5266661e-12;105,76;2,25;2,54;1,04;111,54351598173515;73,4391304347826;1,0;0,0;0,0;0,0;-5,0;0,0;3,175;1,176933186e-12;139,42939497716895;-0,0;0,0;-0,0;142,60439497717013;15436,445906448906
2025-11-04 21:15:00;5,5401662;5,0;5,0;0,0;5,0;4,5266661e-12;91,27;2,25;2,54;1,04;98,57113122171948;64,34466666666667;1,0;0,0;0,0;5,5401662;0,5401661999999998;0,0;3,175;1,176933186e-12;123,21391402714936;-0,0;0,0;-126,4127422685;-0,023828241349463042;15436,422078207555
2025-11-04 21:30:00;5,5401662;5,0;5,0;0,0;5,0;4,5266661e-12;88,9;2,25;2,54;1,04;107,50936507936508;77,8482456140351;1,0;0,0;0,0;5,5401662;0,5401661999999998;0,0;3,175;1,176933186e-12;134,38670634920635;-0,0;0,0;-123,13019379500001;14,431512554207515;15450,853590761762
2025-11-04 21:45:00;10,0;5,0;5,0;0,0;5,0;4,5266661e-12;79,53;2,25;2,54;1,04;104,84223140495868;54,43051851851852;1,0;0,0;0,0;10,0;5,0;0,0;3,175;1,176933186e-12;131,05278925619837;-0,0;0,0;-198,825;-64,59721074380045;15386,256380017961
2025-11-04 22:00:00;0,0;0,351;6,0592105;0,0;5,0;4,5266661e-12;91,06;2,25;2,54;1,04;59,6307619047619;67,11215909090909;0,0702;0,0;0,0;0,0;-0,351;0,0;3,175;1,176933186e-12;5,232599357142856;-0,0;0,0;-0,0;8,407599357144033;15394,663979375106
2025-11-04 22:15:00;0,0;0,2295;5,9668421;0,0;5,0;4,5266661e-12;88,73;2,25;2,54;1,04;67,8961170212766;72,00386666666667;0,0459;0,0;0,0;0,0;-0,2295;0,0;3,175;1,176933186e-12;3,8955397140957446;-0,0;0,0;-0,0;7,070539714096921;15401,734519089203
2025-11-04 22:30:00;1,7235457;5,0;5,9064474;0,0;5,0;4,5266661e-12;86,82;2,25;2,54;1,04;72,22304932735426;74,784;1,0;0,0;0,0;1,7235457;-3,2764543;0,0;3,175;1,176933186e-12;90,27881165919283;-0,0;0,0;-37,409559418499995;56,04425224069401;15457,778771329897
2025-11-04 22:45:00;10,0;5,0;5,0;0,0;5,0;4,5266661e-12;78,34;2,25;2,54;1,04;99,686;84,47236363636362;1,0;0,0;0,0;10,0;5,0;0,0;3,175;1,176933186e-12;124,60750000000002;-0,0;0,0;-195,85000000000002;-68,06749999999883;15389,711271329897
2025-11-04 23:00:00;3,8421053;1,5425;6,0592105;0,0;5,0;4,5266661e-12;80,65;2,25;2,54;1,04;51,253076923076925;65,96985507246377;0,3085;0,0;0,0;3,8421053;2,2996053;0,0;3,175;1,176933186e-12;19,764467788461538;-0,0;0,0;-77,46644811125;-54,52698032278729;15335,18429100711
2025-11-04 23:15:00;10,0;0,0;6,5657895;0,0;5,0;4,5266661e-12;75,07;2,25;2,54;1,04;43,31650943396227;71,1276;0,0;0,0;0,0;10,0;10,0;0,0;3,175;1,176933186e-12;0,0;-0,0;0,0;-187,67499999999998;-184,4999999999988;15150,684291007112
2025-11-04 23:30:00;10,0;5,0;8,9407895;0,0;5,0;4,5266661e-12;79,53;2,25;2,54;1,04;102,8736;53,78842105263158;1,0;0,0;0,0;10,0;5,0;0,0;3,175;1,176933186e-12;128,59199999999998;-0,0;0,0;-198,825;-67,05799999999883;15083,626291007113
