datetime,R1_R2_powerline,R2_R1_powerline,R2_excess,R2_load,R2_pp_biomass,R2_pp_gas,R2_pp_hard_coal,R2_pp_lignite,R2_pp_mixed_fuels,R2_pp_oil,R2_pp_uranium,R2_run_of_river,R2_shortage,R2_solar,R2_storage_phs_in,R2_storage_phs_level,R2_storage_phs_out,R2_wind,duals
2030-01-01 00:00:00,0.0,786.365797938144,4807.63387406185,6469.870328,0.0,0.0,0.0,0.0,0.0,0.0,0.0,6500.0,0.0,0.0,0.0,5605.55555555556,850.0,4713.87,-1e-08
2030-01-01 01:00:00,0.0,544.541091752577,5561.95518624742,6099.923722,0.0,0.0,0.0,0.0,0.0,0.0,0.0,6500.0,0.0,0.0,0.0,4661.11111111111,850.0,4856.42,-1e-08
2030-01-01 02:00:00,0.0,299.549040206186,6384.20395779382,5798.627001999999,0.0,0.0,0.0,0.0,0.0,0.0,0.0,6500.0,0.0,0.0,0.0,3716.66666666667,850.0,5132.38,-1e-08
2030-01-01 03:00:00,0.0,388.710072164948,6675.99048483505,5667.429443000001,0.0,0.0,0.0,0.0,0.0,0.0,0.0,6500.0,0.0,0.0,0.0,2772.22222222222,850.0,5382.13,-1e-08
2030-01-01 04:00:00,0.0,568.246115463916,6740.93385353608,5648.360031,0.0,0.0,0.0,0.0,0.0,0.0,0.0,6500.0,0.0,0.0,0.0,1827.77777777778,850.0,5607.54,-1e-08
2030-01-01 05:00:00,0.0,766.37128556701,6721.69317643299,5677.3455380000005,0.0,0.0,0.0,0.0,0.0,0.0,0.0,6500.0,0.0,0.0,0.0,883.333333333334,850.0,5815.41,-1e-08
2030-01-01 06:00:00,0.0,1237.22745979381,6546.37338720619,5508.009153,0.0,0.0,0.0,0.0,0.0,0.0,0.0,6500.0,0.0,0.0,0.0,0.0,795.0,5996.61,-1e-08
2030-01-01 07:00:00,0.0,1355.0321257732,5797.1676382268,5524.790236,0.0,0.0,0.0,0.0,0.0,0.0,0.0,6500.0,0.0,0.0,0.0,0.0,0.0,6176.99,-1e-08
2030-01-01 08:00:00,0.0,1143.92130618557,6223.40918181443,5626.239512,0.0,0.0,0.0,0.0,0.0,0.0,0.0,6500.0,0.0,146.67,0.0,0.0,0.0,6346.9,-1e-08
2030-01-01 09:00:00,0.0,824.743275257733,6506.17044674227,5900.0762780000005,0.0,0.0,0.0,0.0,0.0,0.0,0.0,6500.0,0.0,390.25,0.0,0.0,0.0,6340.740000000001,-1e-08
2030-01-01 10:00:00,0.0,516.741078350516,6736.64088964948,6180.778032,0.0,0.0,0.0,0.0,0.0,0.0,0.0,6500.0,0.0,541.65,0.0,0.0,0.0,6392.51,-1e-08
2030-01-01 11:00:00,0.0,331.940248453608,7269.79700554639,6352.402746,0.0,0.0,0.0,0.0,0.0,0.0,0.0,6500.0,0.0,819.67,0.0,0.0,0.0,6634.47,-1e-08
2030-01-01 12:00:00,0.0,536.211445360825,7239.27860763918,6365.369947,0.0,0.0,0.0,0.0,0.0,0.0,0.0,6500.0,0.0,635.54,0.0,0.0,0.0,7005.320000000001,-1e-08
2030-01-01 13:00:00,0.0,959.604254639175,7365.76507436082,6263.920671,0.0,0.0,0.0,0.0,0.0,0.0,0.0,6500.0,0.0,670.3299999999999,0.0,0.0,0.0,7418.96,-1e-08
2030-01-01 14:00:00,0.0,1732.97431134021,6671.8794186598,6237.98627,0.0,0.0,0.0,0.0,0.0,0.0,0.0,6500.0,0.0,333.19,0.0,0.0,0.0,7809.650000000001,-1e-08
2030-01-01 15:00:00,0.0,2824.87630412371,5544.26424487629,6329.519451,0.0,0.0,0.0,0.0,0.0,0.0,0.0,6500.0,0.0,3.5300000000000002,0.0,0.0,0.0,8195.130000000001,-1e-08
2030-01-01 16:00:00,0.0,2983.97386597938,5219.58468502062,6797.101449000001,0.0,0.0,0.0,0.0,0.0,0.0,0.0,6500.0,0.0,0.0,0.0,0.0,0.0,8500.66,-1e-08
2030-01-01 17:00:00,0.0,2881.62125257732,5361.03256142268,6954.996185999999,0.0,0.0,0.0,0.0,0.0,0.0,0.0,6500.0,0.0,0.0,0.0,0.0,0.0,8697.65,-1e-08
2030-01-01 18:00:00,0.0,2558.42844948454,5859.12694351546,6902.364607,0.0,0.0,0.0,0.0,0.0,0.0,0.0,6500.0,0.0,0.0,0.0,0.0,0.0,8819.92,-1e-08
2030-01-01 19:00:00,0.0,2093.80982783505,6545.23863116495,6742.181541,0.0,0.0,0.0,0.0,0.0,0.0,0.0,6500.0,0.0,0.0,0.0,0.0,0.0,8881.23,-1e-08
2030-01-01 20:00:00,0.0,1732.28476907216,7124.65673392784,6568.268497000001,0.0,0.0,0.0,0.0,0.0,0.0,0.0,6500.0,0.0,0.0,0.0,0.0,0.0,8925.210000000001,-1e-08
2030-01-01 21:00:00,0.0,1648.13884226804,6894.76763373196,6885.583524,0.0,0.0,0.0,0.0,0.0,0.0,0.0,6500.0,0.0,0.0,0.0,0.0,0.0,8928.49,-1e-08
2030-01-01 22:00:00,0.0,924.091584536083,7618.97823246392,6890.160183,0.0,0.0,0.0,0.0,0.0,0.0,0.0,6500.0,0.0,0.0,0.0,0.0,0.0,8933.23,-1e-08
2030-01-01 23:00:00,0.0,340.847913402063,8717.17270459794,6370.709382000001,0.0,0.0,0.0,0.0,0.0,0.0,0.0,6500.0,0.0,0.0,0.0,0.0,0.0,8928.73,-1e-08
2030-01-02 00:00:00,0.0,0.0,9379.925553,5998.474447,0.0,0.0,0.0,0.0,0.0,0.0,0.0,6500.0,0.0,0.0,0.0,0.0,0.0,8878.4,-1e-08
2030-01-02 01:00:00,0.0,0.0,9555.152273,5697.177727,0.0,0.0,0.0,0.0,0.0,0.0,0.0,6500.0,0.0,0.0,0.0,0.0,0.0,8752.33,-1e-08
2030-01-02 02:00:00,0.0,0.0,9536.775317,5523.264682999999,0.0,0.0,0.0,0.0,0.0,0.0,0.0,6500.0,0.0,0.0,0.0,0.0,0.0,8560.039999999999,-1e-08
2030-01-02 03:00:00,0.0,0.0,9292.166491,5561.403509000001,0.0,0.0,0.0,0.0,0.0,0.0,0.0,6500.0,0.0,0.0,0.0,0.0,0.0,8353.57,-1e-08
2030-01-02 04:00:00,0.0,0.0,8722.581442,5864.988558000001,0.0,0.0,0.0,0.0,0.0,0.0,0.0,6500.0,0.0,0.0,0.0,0.0,0.0,8087.57,-1e-08
2030-01-02 05:00:00,0.0,274.147697938144,7477.87141006186,6464.530892,0.0,0.0,0.0,0.0,0.0,0.0,0.0,6500.0,0.0,0.0,0.0,0.0,0.0,7716.55,-1e-08
2030-01-02 06:00:00,0.0,881.611825773196,5948.87079022681,6903.127383999999,0.0,0.0,0.0,0.0,0.0,0.0,0.0,6500.0,0.0,0.0,0.0,0.0,0.0,7233.610000000001,-1e-08
2030-01-02 07:00:00,0.0,957.124756701031,4836.98922529897,7389.016017999999,0.0,0.0,0.0,0.0,0.0,0.0,0.0,6500.0,0.0,0.0,0.0,0.0,0.0,6683.13,-1e-08
2030-01-02 08:00:00,0.0,735.05291443299,4289.43498056701,7736.842105000001,0.0,0.0,0.0,0.0,0.0,0.0,0.0,6500.0,0.0,109.35000000000001,0.0,0.0,0.0,6151.9800000000005,-1e-08
2030-01-02 09:00:00,0.0,500.026683505155,4418.48588749485,7875.667428999999,0.0,0.0,0.0,0.0,0.0,0.0,0.0,6500.0,0.0,415.15999999999997,0.0,0.0,0.0,5879.02,-1e-08
2030-01-02 10:00:00,0.0,274.79114742268,4665.68442857732,8012.2044240000005,0.0,0.0,0.0,0.0,0.0,0.0,0.0,6500.0,0.0,718.4699999999999,0.0,0.0,0.0,5734.21,-1e-08
2030-01-02 11:00:00,0.0,255.56827628866,4789.56061771134,8003.051106,0.0,0.0,0.0,0.0,0.0,0.0,0.0,6500.0,0.0,899.2700000000001,0.0,0.0,0.0,5648.910000000001,-1e-08
2030-01-02 12:00:00,0.0,835.267288659793,4134.91431334021,7961.098398,0.0,0.0,0.0,0.0,0.0,0.0,0.0,6500.0,0.0,880.87,0.0,0.0,0.0,5550.41,-1e-08
2030-01-02 13:00:00,0.0,1591.08273917526,2683.9094980378,7852.021358,0.0,0.0,0.0,0.0,0.0,0.0,0.0,6500.0,0.0,792.95,582.336404786943,524.102764308249,0.0,5416.400000000001,-1e-08
2030-01-02 14:00:00,0.0,2391.56042474227,934.377744257731,7901.601831,0.0,0.0,0.0,0.0,0.0,0.0,0.0,6500.0,0.0,438.6,850.0,1289.10276430825,0.0,5138.94,-1e-08
2030-01-02 15:00:00,0.0,3320.50233298969,0.0,7986.270023000001,0.0,0.0,0.0,0.0,0.0,0.0,0.0,6500.0,0.0,32.48,149.877644010307,1423.99264391753,0.0,4924.17,-1e-08
2030-01-02 16:00:00,0.0,3600.70712164948,0.0,8578.947368,0.0,0.0,0.0,0.0,0.0,0.0,0.0,6500.0,0.0,0.0,0.0,580.698766529209,758.964489649485,4920.69,-1.23456790123457e-08
2030-01-02 17:00:00,0.0,3473.88269587629,0.0,8617.086194,0.0,0.0,0.0,0.0,0.0,0.0,0.0,6500.0,0.0,0.0,0.0,0.0,522.628889876288,5068.34,-1.23456790123457e-08
2030-01-02 18:00:00,0.0,3004.8522,455.888845,8293.668955,0.0,0.0,0.0,0.0,0.0,0.0,0.0,6500.0,0.0,0.0,0.0,0.0,0.0,5254.410000000001,-1e-08
2030-01-02 19:00:00,0.0,2566.82564020619,1560.00471879381,7881.769641000001,0.0,0.0,0.0,0.0,0.0,0.0,0.0,6500.0,0.0,0.0,0.0,0.0,0.0,5508.6,-1e-08
2030-01-02 20:00:00,0.0,2271.75768453608,2556.43652646392,7526.315789,0.0,0.0,0.0,0.0,0.0,0.0,0.0,6500.0,0.0,0.0,0.0,0.0,0.0,5854.51,-1e-08
2030-01-02 21:00:00,0.0,2317.38936701031,2497.66245598969,7760.488177,0.0,0.0,0.0,0.0,0.0,0.0,0.0,6500.0,0.0,0.0,0.0,0.0,0.0,6075.54,-1e-08
2030-01-02 22:00:00,0.0,1901.95585051546,3128.46089248453,7712.433257,0.0,0.0,0.0,0.0,0.0,0.0,0.0,6500.0,0.0,0.0,0.0,0.0,0.0,6242.849999999999,-1e-08
2030-01-02 23:00:00,0.0,1631.83988659794,4216.75869440206,7148.741419,0.0,0.0,0.0,0.0,0.0,0.0,0.0,6500.0,0.0,0.0,0.0,0.0,0.0,6497.34,-1e-08
2030-01-03 00:00:00,0.0,1376.27658762887,5386.32333637113,6620.900076,0.0,0.0,0.0,0.0,0.0,0.0,0.0,6500.0,0.0,0.0,0.0,0.0,0.0,6883.5,-1e-08
2030-01-03 01:00:00,0.0,1277.60540515464,6113.21525884536,6398.169336,0.0,0.0,0.0,0.0,0.0,0.0,0.0,6500.0,0.0,0.0,0.0,0.0,0.0,7288.99,-1e-08
2030-01-03 02:00:00,0.0,1198.75077216495,6729.83733583505,6198.321892000001,0.0,0.0,0.0,0.0,0.0,0.0,0.0,6500.0,0.0,0.0,0.0,0.0,0.0,7626.91,-1e-08
2030-01-03 03:00:00,0.0,1472.10644536083,6670.37281463917,6222.73074,0.0,0.0,0.0,0.0,0.0,0.0,0.0,6500.0,0.0,0.0,0.0,0.0,0.0,7865.21,-1e-08
2030-01-03 04:00:00,0.0,2142.34550515464,5850.48920084536,6490.465294,0.0,0.0,0.0,0.0,0.0,0.0,0.0,6500.0,0.0,0.0,0.0,0.0,0.0,7983.3,-1e-08
2030-01-03 05:00:00,0.0,2955.43034742268,4410.71028557732,7046.529366999999,0.0,0.0,0.0,0.0,0.0,0.0,0.0,6500.0,0.0,0.0,0.0,0.0,0.0,7912.670000000001,-1e-08
2030-01-03 06:00:00,0.0,3694.97065463917,3062.61402836083,7476.735317,0.0,0.0,0.0,0.0,0.0,0.0,0.0,6500.0,0.0,0.0,0.0,0.0,0.0,7734.32,-1e-08
2030-01-03 07:00:00,0.0,3598.23128865979,2402.27916134021,7936.68955,0.0,0.0,0.0,0.0,0.0,0.0,0.0,6500.0,0.0,0.0,0.0,0.0,0.0,7437.200000000001,-1e-08
2030-01-03 08:00:00,0.0,3168.41659793814,2578.78250206186,8126.6209,0.0,0.0,0.0,0.0,0.0,0.0,0.0,6500.0,0.0,80.55,0.0,0.0,0.0,7293.2699999999995,-1e-08
2030-01-03 09:00:00,0.0,2642.88714948454,3453.50811351546,8157.894737,0.0,0.0,0.0,0.0,0.0,0.0,0.0,6500.0,0.0,432.09,0.0,0.0,0.0,7322.2,-1e-08
2030-01-03 10:00:00,0.0,2247.88077628866,4747.83566171134,8196.033562,0.0,0.0,0.0,0.0,0.0,0.0,0.0,6500.0,0.0,1090.17,0.0,0.0,0.0,7601.58,-1e-08
2030-01-03 11:00:00,0.0,1811.49213608247,6228.03427891752,8182.303585000001,0.0,0.0,0.0,0.0,0.0,0.0,0.0,6500.0,0.0,1819.6499999999999,0.0,0.0,0.0,7902.179999999999,-1e-08
2030-01-03 12:00:00,0.0,1811.84286907217,6555.93227992784,8089.244851,0.0,0.0,0.0,0.0,0.0,0.0,0.0,6500.0,0.0,1808.42,0.0,0.0,0.0,8148.6,-1e-08
2030-01-03 13:00:00,0.0,2194.38570412371,5913.04142787629,7945.842868000001,0.0,0.0,0.0,0.0,0.0,0.0,0.0,6500.0,0.0,1218.05,0.0,0.0,0.0,8335.22,-1e-08
2030-01-03 14:00:00,0.0,2611.26221340206,5058.66266059794,7924.4851260000005,0.0,0.0,0.0,0.0,0.0,0.0,0.0,6500.0,0.0,606.23,0.0,0.0,0.0,8488.18,-1e-08
2030-01-03 15:00:00,0.0,3316.13099793814,3683.19972706186,8101.449275,0.0,0.0,0.0,0.0,0.0,0.0,0.0,6500.0,0.0,36.36,0.0,0.0,0.0,8564.42,-1e-08
2030-01-03 16:00:00,0.0,3514.40022164948,2950.55363035052,8644.546148,0.0,0.0,0.0,0.0,0.0,0.0,0.0,6500.0,0.0,0.0,0.0,0.0,0.0,8609.5,-1e-08
2030-01-03 17:00:00,0.0,3387.91650206185,3121.09956193815,8638.443936,0.0,0.0,0.0,0.0,0.0,0.0,0.0,6500.0,0.0,0.0,0.0,0.0,0.0,8647.460000000001,-1e-08
2030-01-03 18:00:00,0.0,2956.37959381443,3844.28431918557,8347.826087,0.0,0.0,0.0,0.0,0.0,0.0,0.0,6500.0,0.0,0.0,0.0,0.0,0.0,8648.49,-1e-08
2030-01-03 19:00:00,0.0,2441.4010628866,4727.7360691134,7945.842868000001,0.0,0.0,0.0,0.0,0.0,0.0,0.0,6500.0,0.0,0.0,0.0,0.0,0.0,8614.98,-1e-08
2030-01-03 20:00:00,0.0,2120.99747628866,5403.99122671134,7555.301297,0.0,0.0,0.0,0.0,0.0,0.0,0.0,6500.0,0.0,0.0,0.0,0.0,0.0,8580.29,-1e-08
2030-01-03 21:00:00,0.0,2168.94531030928,5127.88430069072,7766.590389,0.0,0.0,0.0,0.0,0.0,0.0,0.0,6500.0,0.0,0.0,0.0,0.0,0.0,8563.42,-1e-08
2030-01-03 22:00:00,0.0,1665.63886185567,5551.73241914433,7768.878718999999,0.0,0.0,0.0,0.0,0.0,0.0,0.0,6500.0,0.0,0.0,0.0,0.0,0.0,8486.25,-1e-08
2030-01-03 23:00:00,0.0,1377.1766371134,6207.2026228866,7222.73074,0.0,0.0,0.0,0.0,0.0,0.0,0.0,6500.0,0.0,0.0,0.0,0.0,0.0,8307.11,-1e-08
2030-01-04 00:00:00,0.0,1167.73371443299,6532.21476756701,6755.911518,0.0,0.0,0.0,0.0,0.0,0.0,0.0,6500.0,0.0,0.0,0.0,0.0,0.0,7955.860000000001,-1e-08
2030-01-04 01:00:00,0.0,1063.89102783505,6366.60575316495,6401.983219000001,0.0,0.0,0.0,0.0,0.0,0.0,0.0,6500.0,0.0,0.0,0.0,0.0,0.0,7332.4800000000005,-1e-08
2030-01-04 02:00:00,0.0,1036.9900628866,5694.1370311134,6256.292906000001,0.0,0.0,0.0,0.0,0.0,0.0,0.0,6500.0,0.0,0.0,0.0,0.0,0.0,6487.42,-1e-08
2030-01-04 03:00:00,0.0,1324.03989278351,4670.12376821649,6196.796339,0.0,0.0,0.0,0.0,0.0,0.0,0.0,6500.0,0.0,0.0,0.0,0.0,0.0,5690.96,-1e-08
2030-01-04 04:00:00,0.0,1807.96217835052,3605.64814164948,6192.219679999999,0.0,0.0,0.0,0.0,0.0,0.0,0.0,6500.0,0.0,0.0,0.0,0.0,0.0,5105.83,-1e-08
2030-01-04 05:00:00,0.0,2370.74698762887,2650.30591137113,6405.797101,0.0,0.0,0.0,0.0,0.0,0.0,0.0,6500.0,0.0,0.0,0.0,0.0,0.0,4926.849999999999,-1e-08
2030-01-04 06:00:00,0.0,3117.19614845361,2031.24535454639,6568.268497000001,0.0,0.0,0.0,0.0,0.0,0.0,0.0,6500.0,0.0,0.0,0.0,0.0,0.0,5216.71,-1e-08
2030-01-04 07:00:00,0.0,3559.65763505155,1705.01401294845,6988.558352000001,0.0,0.0,0.0,0.0,0.0,0.0,0.0,6500.0,0.0,0.0,0.0,0.0,0.0,5753.2300000000005,-1e-08
2030-01-04 08:00:00,0.0,3682.87095773196,1916.35401526804,7317.315027,0.0,0.0,0.0,0.0,0.0,0.0,0.0,6500.0,0.0,118.32000000000001,0.0,0.0,0.0,6298.22,-1e-08
2030-01-04 09:00:00,0.0,3575.45141649485,2467.15173350515,7556.82685,0.0,0.0,0.0,0.0,0.0,0.0,0.0,6500.0,0.0,409.65000000000003,0.0,0.0,0.0,6689.78,-1e-08
2030-01-04 10:00:00,0.0,3380.17206804124,2862.43702395876,7788.710908000001,0.0,0.0,0.0,0.0,0.0,0.0,0.0,6500.0,0.0,516.89,0.0,0.0,0.0,7014.43,-1e-08
2030-01-04 11:00:00,0.0,2879.58081958763,3488.97500041237,7825.32418,0.0,0.0,0.0,0.0,0.0,0.0,0.0,6500.0,0.0,518.03,0.0,0.0,0.0,7175.85,-1e-08
2030-01-04 12:00:00,0.0,2382.66197319588,3947.22817980412,7758.199847,0.0,0.0,0.0,0.0,0.0,0.0,0.0,6500.0,0.0,485.71999999999997,0.0,0.0,0.0,7102.37,-1e-08
2030-01-04 13:00:00,0.0,1775.31555154639,4277.21371645361,7560.640732,0.0,0.0,0.0,0.0,0.0,0.0,0.0,6500.0,0.0,320.79,0.0,0.0,0.0,6792.38,-1e-08
2030-01-04 14:00:00,0.0,1285.12806701031,4272.18162798969,7483.600305,0.0,0.0,0.0,0.0,0.0,0.0,0.0,6500.0,0.0,117.31,0.0,0.0,0.0,6423.6,-1e-08
2030-01-04 15:00:00,0.0,1138.46676185567,3950.10478614433,7595.728452,0.0,0.0,0.0,0.0,0.0,0.0,0.0,6500.0,0.0,4.609999999999999,0.0,0.0,0.0,6179.69,-1e-08
2030-01-04 16:00:00,0.0,776.518169072166,3514.43151792783,8145.690313,0.0,0.0,0.0,0.0,0.0,0.0,0.0,6500.0,0.0,0.0,0.0,0.0,0.0,5936.639999999999,-1e-08
2030-01-04 17:00:00,0.0,115.082617525773,3640.96445347423,8242.562929,0.0,0.0,0.0,0.0,0.0,0.0,0.0,6500.0,0.0,0.0,0.0,0.0,0.0,5498.610000000001,-1e-08
2030-01-04 18:00:00,0.0,0.0,3455.617742,7978.642258000001,0.0,0.0,0.0,0.0,0.0,0.0,0.0,6500.0,0.0,0.0,0.0,0.0,0.0,4934.259999999999,-1e-08
2030-01-04 19:00:00,0.0,0.0,3188.997689,7613.272311,0.0,0.0,0.0,0.0,0.0,0.0,0.0,6500.0,0.0,0.0,0.0,0.0,0.0,4302.27,-1e-08
2030-01-04 20:00:00,0.0,0.0,3012.759893,7269.260106999999,0.0,0.0,0.0,0.0,0.0,0.0,0.0,6500.0,0.0,0.0,0.0,0.0,0.0,3782.02,-1e-08
2030-01-04 21:00:00,0.0,0.0,2552.695111,7399.694889,0.0,0.0,0.0,0.0,0.0,0.0,0.0,6500.0,0.0,0.0,0.0,0.0,0.0,3452.3900000000003,-1e-08
2030-01-04 22:00:00,0.0,0.0,2384.254546,7394.3554540000005,0.0,0.0,0.0,0.0,0.0,0.0,0.0,6500.0,0.0,0.0,0.0,0.0,0.0,3278.61,-1e-08
2030-01-04 23:00:00,0.0,0.0,2957.256568,6940.503432,0.0,0.0,0.0,0.0,0.0,0.0,0.0,6500.0,0.0,0.0,0.0,0.0,0.0,3397.76,-1e-08
2030-01-05 00:00:00,0.0,0.0,3696.834775,6531.655225,0.0,0.0,0.0,0.0,0.0,0.0,0.0,6500.0,0.0,0.0,0.0,0.0,0.0,3728.49,-1e-08
2030-01-05 01:00:00,0.0,0.0,4258.778673,6203.661327,0.0,0.0,0.0,0.0,0.0,0.0,0.0,6500.0,0.0,0.0,0.0,0.0,0.0,3962.44,-1e-08
2030-01-05 02:00:00,0.0,0.0,4503.87955,6063.31045,0.0,0.0,0.0,0.0,0.0,0.0,0.0,6500.0,0.0,0.0,0.0,0.0,0.0,4067.19,-1e-08
2030-01-05 03:00:00,0.0,0.0,4322.121716,6029.748284,0.0,0.0,0.0,0.0,0.0,0.0,0.0,6500.0,0.0,0.0,0.0,0.0,0.0,3851.87,-1e-08
2030-01-05 04:00:00,0.0,0.0,4052.121716,6029.748284,0.0,0.0,0.0,0.0,0.0,0.0,0.0,6500.0,0.0,0.0,0.0,0.0,0.0,3581.87,-1e-08
2030-01-05 05:00:00,0.0,0.0,3720.15585,6176.964150000001,0.0,0.0,0.0,0.0,0.0,0.0,0.0,6500.0,0.0,0.0,0.0,0.0,0.0,3397.1200000000003,-1e-08
2030-01-05 06:00:00,0.0,179.188224742267,3299.97821325773,6196.033562,0.0,0.0,0.0,0.0,0.0,0.0,0.0,6500.0,0.0,0.0,0.0,0.0,0.0,3175.2000000000003,-1e-08
2030-01-05 07:00:00,0.0,949.906922680413,1912.96582519448,6491.990847,0.0,0.0,0.0,0.0,0.0,0.0,0.0,6500.0,0.0,0.0,2.79640512511012,2.5167646125991,0.0,2857.6600000000003,-1e-08
2030-01-05 08:00:00,0.0,1782.59641237113,0.0,6758.962624,0.0,0.0,0.0,0.0,0.0,0.0,0.0,6500.0,0.0,162.39,695.210963628867,628.206631878579,0.0,2574.38,-1e-08
2030-01-05 09:00:00,0.0,2433.30000515464,0.0,7056.445461,0.0,0.0,0.0,0.0,0.0,0.0,0.0,6500.0,0.0,493.38,0.0,447.0783361512,163.015466154641,2333.35,-1.23456790123457e-08
2030-01-05 10:00:00,0.0,2781.82168453608,0.0,7376.048817999999,0.0,0.0,0.0,0.0,0.0,0.0,0.0,6500.0,0.0,888.12,0.0,0.0,402.37050253608,2367.38,-1.23456790123457e-08
2030-01-05 11:00:00,0.0,2684.27263195876,500.478260041239,7535.469108,0.0,0.0,0.0,0.0,0.0,0.0,0.0,6500.0,0.0,1592.0200000000002,0.0,0.0,0.0,2628.2,-1e-08
2030-01-05 12:00:00,0.0,2651.02152989691,1509.07534310309,7456.903127,0.0,0.0,0.0,0.0,0.0,0.0,0.0,6500.0,0.0,2141.7,0.0,0.0,0.0,2975.3,-1e-08
2030-01-05 13:00:00,0.0,2683.44231030928,1594.39701869072,7263.920671000001,0.0,0.0,0.0,0.0,0.0,0.0,0.0,6500.0,0.0,1675.44,0.0,0.0,0.0,3366.3199999999997,-1e-08
2030-01-05 14:00:00,0.0,2913.73722474227,1190.39923625773,7209.7635390000005,0.0,0.0,0.0,0.0,0.0,0.0,0.0,6500.0,0.0,844.92,0.0,0.0,0.0,3968.9799999999996,-1e-08
2030-01-05 15:00:00,0.0,3436.63006391753,565.412674082475,7309.6872619999995,0.0,0.0,0.0,0.0,0.0,0.0,0.0,6500.0,0.0,42.589999999999996,0.0,0.0,0.0,4769.14,-1e-08
2030-01-05 16:00:00,0.0,3429.87605051546,765.611104484535,7959.572845000001,0.0,0.0,0.0,0.0,0.0,0.0,0.0,6500.0,0.0,0.0,0.0,0.0,0.0,5655.0599999999995,-1e-08
2030-01-05 17:00:00,0.0,3230.99772268041,1441.81487831959,8227.307399,0.0,0.0,0.0,0.0,0.0,0.0,0.0,6500.0,0.0,0.0,0.0,0.0,0.0,6400.12,-1e-08
2030-01-05 18:00:00,0.0,2841.07298041237,2492.95885058763,8098.398168999999,0.0,0.0,0.0,0.0,0.0,0.0,0.0,6500.0,0.0,0.0,0.0,0.0,0.0,6932.43,-1e-08
2030-01-05 19:00:00,0.0,2309.08837835052,3788.07906664948,7800.152555,0.0,0.0,0.0,0.0,0.0,0.0,0.0,6500.0,0.0,0.0,0.0,0.0,0.0,7397.32,-1e-08
2030-01-05 20:00:00,0.0,1831.55698659794,5061.67035940206,7407.3226540000005,0.0,0.0,0.0,0.0,0.0,0.0,0.0,6500.0,0.0,0.0,0.0,0.0,0.0,7800.55,-1e-08
2030-01-05 21:00:00,0.0,1846.73096701031,5335.99811798969,7450.800915,0.0,0.0,0.0,0.0,0.0,0.0,0.0,6500.0,0.0,0.0,0.0,0.0,0.0,8133.53,-1e-08
2030-01-05 22:00:00,0.0,1459.90222268041,6034.94331531959,7322.654462,0.0,0.0,0.0,0.0,0.0,0.0,0.0,6500.0,0.0,0.0,0.0,0.0,0.0,8317.5,-1e-08
2030-01-05 23:00:00,0.0,1137.30781546392,6926.66355753608,6823.798626999999,0.0,0.0,0.0,0.0,0.0,0.0,0.0,6500.0,0.0,0.0,0.0,0.0,0.0,8387.77,-1e-08
2030-01-06 00:00:00,0.0,904.26026185567,7555.72331514433,6479.7864230000005,0.0,0.0,0.0,0.0,0.0,0.0,0.0,6500.0,0.0,0.0,0.0,0.0,0.0,8439.77,-1e-08
2030-01-06 01:00:00,0.0,808.054873195876,7973.04161080412,6223.493516,0.0,0.0,0.0,0.0,0.0,0.0,0.0,6500.0,0.0,0.0,0.0,0.0,0.0,8504.59,-1e-08
2030-01-06 02:00:00,0.0,818.797539175258,8232.99584782474,6032.036613,0.0,0.0,0.0,0.0,0.0,0.0,0.0,6500.0,0.0,0.0,0.0,0.0,0.0,8583.83,-1e-08
2030-01-06 03:00:00,0.0,1089.1255,7901.263554,6099.160946,0.0,0.0,0.0,0.0,0.0,0.0,0.0,6500.0,0.0,0.0,0.0,0.0,0.0,8589.550000000001,-1e-08
2030-01-06 04:00:00,0.0,1462.53066082474,7049.79912517526,6538.520214,0.0,0.0,0.0,0.0,0.0,0.0,0.0,6500.0,0.0,0.0,0.0,0.0,0.0,8550.85,-1e-08
2030-01-06 05:00:00,0.0,1798.08682474227,5722.41894225773,7459.954233,0.0,0.0,0.0,0.0,0.0,0.0,0.0,6500.0,0.0,0.0,0.0,0.0,0.0,8480.46,-1e-08
2030-01-06 06:00:00,0.0,2398.79297731959,4232.35420768041,8311.212814999999,0.0,0.0,0.0,0.0,0.0,0.0,0.0,6500.0,0.0,0.0,0.0,0.0,0.0,8442.36,-1e-08
2030-01-06 07:00:00,0.0,2498.71178762887,3674.49996637113,8719.298246,0.0,0.0,0.0,0.0,0.0,0.0,0.0,6500.0,0.0,0.0,0.0,0.0,0.0,8392.51,-1e-08
2030-01-06 08:00:00,0.0,2186.81840103093,4199.67287996907,8768.878719,0.0,0.0,0.0,0.0,0.0,0.0,0.0,6500.0,0.0,323.35,0.0,0.0,0.0,8332.02,-1e-08
2030-01-06 09:00:00,0.0,1821.02309072165,5149.69880127835,8801.678108,0.0,0.0,0.0,0.0,0.0,0.0,0.0,6500.0,0.0,1058.1,0.0,0.0,0.0,8214.3,-1e-08
2030-01-06 10:00:00,0.0,1468.00638865979,5453.1655713402,8842.868040000001,0.0,0.0,0.0,0.0,0.0,0.0,0.0,6500.0,0.0,1108.28,0.0,0.0,0.0,8155.759999999999,-1e-08
2030-01-06 11:00:00,0.0,991.901632989691,5708.81104401031,8606.407323000001,0.0,0.0,0.0,0.0,0.0,0.0,0.0,6500.0,0.0,661.25,0.0,0.0,0.0,8145.87,-1e-08
2030-01-06 12:00:00,0.0,976.680819587629,5593.72192641237,8647.597254,0.0,0.0,0.0,0.0,0.0,0.0,0.0,6500.0,0.0,561.58,0.0,0.0,0.0,8156.42,-1e-08
2030-01-06 13:00:00,0.0,1346.75374226804,5151.04286373196,8630.053394,0.0,0.0,0.0,0.0,0.0,0.0,0.0,6500.0,0.0,513.01,0.0,0.0,0.0,8114.84,-1e-08
2030-01-06 14:00:00,0.0,2122.38360927835,4274.90290472165,8575.133485999999,0.0,0.0,0.0,0.0,0.0,0.0,0.0,6500.0,0.0,386.35,0.0,0.0,0.0,8086.07,-1e-08
2030-01-06 15:00:00,0.0,2975.23449381443,2893.44604018557,8653.699466,0.0,0.0,0.0,0.0,0.0,0.0,0.0,6500.0,0.0,26.79,0.0,0.0,0.0,7995.59,-1e-08
2030-01-06 16:00:00,0.0,2995.6206371134,2220.8541988866,9234.935164,0.0,0.0,0.0,0.0,0.0,0.0,0.0,6500.0,0.0,0.0,0.0,0.0,0.0,7951.41,-1e-08
2030-01-06 17:00:00,0.0,2741.18547010309,2374.85225689691,9302.822273,0.0,0.0,0.0,0.0,0.0,0.0,0.0,6500.0,0.0,0.0,0.0,0.0,0.0,7918.86,-1e-08
2030-01-06 18:00:00,0.0,2307.31193505155,3316.09722594845,8829.900839,0.0,0.0,0.0,0.0,0.0,0.0,0.0,6500.0,0.0,0.0,0.0,0.0,0.0,7953.31,-1e-08
2030-01-06 19:00:00,0.0,1721.24711546392,4367.11025253608,8421.052632,0.0,0.0,0.0,0.0,0.0,0.0,0.0,6500.0,0.0,0.0,0.0,0.0,0.0,8009.41,-1e-08
2030-01-06 20:00:00,0.0,1275.82221237113,5303.95444662887,7995.423341,0.0,0.0,0.0,0.0,0.0,0.0,0.0,6500.0,0.0,0.0,0.0,0.0,0.0,8075.2,-1e-08
2030-01-06 21:00:00,0.0,1244.1083556701,5360.2601113299,8080.091533,0.0,0.0,0.0,0.0,0.0,0.0,0.0,6500.0,0.0,0.0,0.0,0.0,0.0,8184.46,-1e-08
2030-01-06 22:00:00,0.0,661.905219587629,6228.59071441237,7893.974066,0.0,0.0,0.0,0.0,0.0,0.0,0.0,6500.0,0.0,0.0,0.0,0.0,0.0,8284.470000000001,-1e-08
2030-01-06 23:00:00,0.0,277.748917525774,7175.82668847423,7363.844394,0.0,0.0,0.0,0.0,0.0,0.0,0.0,6500.0,0.0,0.0,0.0,0.0,0.0,8317.42,-1e-08
2030-01-07 00:00:00,0.0,186.160926804124,7668.64618219588,6932.112891,0.0,0.0,0.0,0.0,0.0,0.0,0.0,6500.0,0.0,0.0,0.0,0.0,0.0,8286.92,-1e-08
2030-01-07 01:00:00,0.0,231.962151546392,7802.20558345361,6640.732265,0.0,0.0,0.0,0.0,0.0,0.0,0.0,6500.0,0.0,0.0,0.0,0.0,0.0,8174.900000000001,-1e-08
2030-01-07 02:00:00,0.0,381.168377319588,7649.41249268041,6521.739130000001,0.0,0.0,0.0,0.0,0.0,0.0,0.0,6500.0,0.0,0.0,0.0,0.0,0.0,8052.32,-1e-08
2030-01-07 03:00:00,0.0,887.107305154639,6887.77042984536,6640.732265,0.0,0.0,0.0,0.0,0.0,0.0,0.0,6500.0,0.0,0.0,0.0,0.0,0.0,7915.61,-1e-08
2030-01-07 04:00:00,0.0,2032.70457731959,5246.88156268041,7017.54386,0.0,0.0,0.0,0.0,0.0,0.0,0.0,6500.0,0.0,0.0,0.0,0.0,0.0,7797.13,-1e-08
2030-01-07 05:00:00,0.0,3525.70345670103,2559.91206177956,7863.463005,0.0,0.0,0.0,0.0,0.0,0.0,0.0,6500.0,0.0,0.0,257.181476519407,231.463328867466,0.0,7706.26,-1e-08
2030-01-07 06:00:00,0.0,4511.60620927835,175.397078721648,8639.206712000001,0.0,0.0,0.0,0.0,0.0,0.0,0.0,6500.0,0.0,0.0,850.0,996.463328867466,0.0,7676.21,-1e-08
2030-01-07 07:00:00,0.0,4802.56439587629,0.0,8990.846682,0.0,0.0,0.0,0.0,0.0,0.0,0.0,6500.0,0.0,0.0,391.768922123713,1349.05535877881,0.0,7685.18,-1e-08
2030-01-07 08:00:00,0.0,4850.74500927835,83.068033721649,8826.086957,0.0,0.0,0.0,0.0,0.0,0.0,0.0,6500.0,0.0,364.12,850.0,2114.05535877881,0.0,7745.78,-1e-08
2030-01-07 09:00:00,0.0,4796.08305773196,1396.55648426804,8725.400458,0.0,0.0,0.0,0.0,0.0,0.0,0.0,6500.0,0.0,1500.24,850.0,2879.05535877881,0.0,7767.8,-1e-08
2030-01-07 10:00:00,0.0,4781.57692474227,2230.77334225773,8826.849733,0.0,0.0,0.0,0.0,0.0,0.0,0.0,6500.0,0.0,2451.89,850.0,3644.05535877881,0.0,7737.3099999999995,-1e-08
2030-01-07 11:00:00,0.0,4564.11935773196,3015.18823926804,8558.352403,0.0,0.0,0.0,0.0,0.0,0.0,0.0,6500.0,0.0,2808.83,850.0,4409.05535877881,0.0,7678.83,-1e-08
2030-01-07 12:00:00,0.0,4574.24768350515,2211.97555849485,8611.746758,0.0,0.0,0.0,0.0,0.0,0.0,0.0,6500.0,0.0,2175.65,850.0,5174.05535877881,0.0,7572.32,-1e-08
2030-01-07 13:00:00,0.0,4626.81751030928,1207.01679169072,8581.235698,0.0,0.0,0.0,0.0,0.0,0.0,0.0,6500.0,0.0,1296.41,850.0,5939.05535877881,0.0,7468.66,-1e-08
2030-01-07 14:00:00,0.0,4822.05196597938,125.677370020621,8601.830664,0.0,0.0,0.0,0.0,0.0,0.0,0.0,6500.0,0.0,498.68,850.0,6704.05535877881,0.0,7400.88,-1e-08
2030-01-07 15:00:00,0.0,5582.84179072165,0.0,8700.228833,0.0,0.0,0.0,0.0,0.0,0.0,0.0,6500.0,0.0,26.73,0.0,6070.02133242142,570.630623721649,7185.71,-1.23456790123457e-08
2030-01-07 16:00:00,0.0,4927.503371,0.0,9356.216629,0.0,0.0,0.0,0.0,0.0,0.0,0.0,6500.0,0.0,0.0,0.0,5125.57688797698,850.0,6933.72,12.9703290338461
2030-01-07 17:00:00,0.0,4604.541342,0.0,9472.158658,0.0,0.0,0.0,0.0,0.0,0.0,0.0,6500.0,0.0,0.0,0.0,4181.13244353253,850.0,6726.7,12.9703290338461
2030-01-07 18:00:00,0.0,4577.37246907216,0.0,9067.124333,0.0,0.0,0.0,0.0,0.0,0.0,0.0,6500.0,0.0,0.0,0.0,3607.12488567457,516.606802072165,6627.889999999999,-1.23456790123457e-08
2030-01-07 19:00:00,0.0,3920.67009175258,0.0,8575.133485999999,0.0,0.0,0.0,0.0,0.0,0.0,0.0,6500.0,0.0,0.0,595.626422247424,4143.18866569725,0.0,6591.43,-1e-08
2030-01-07 20:00:00,0.0,3290.12351237113,708.797913628866,8189.168573999999,0.0,0.0,0.0,0.0,0.0,0.0,0.0,6500.0,0.0,0.0,850.0,4908.18866569725,0.0,6538.09,-1e-08
2030-01-07 21:00:00,0.0,3075.1406927835,859.100238216496,8225.019069,0.0,0.0,0.0,0.0,0.0,0.0,0.0,6500.0,0.0,0.0,850.0,5673.18866569725,0.0,6509.26,-1e-08
2030-01-07 22:00:00,0.0,2399.93104226804,1512.03744773196,8093.82151,0.0,0.0,0.0,0.0,0.0,0.0,0.0,6500.0,0.0,0.0,850.0,6438.18866569725,0.0,6355.79,-1e-08
2030-01-07 23:00:00,0.0,1990.73891752577,2230.55477447423,7548.436308,0.0,0.0,0.0,0.0,0.0,0.0,0.0,6500.0,0.0,0.0,850.0,7203.18866569725,0.0,6119.73,-1e-08
2030-01-08 00:00:00,0.0,1702.58912989691,3063.28432510309,7073.2265449999995,0.0,0.0,0.0,0.0,0.0,0.0,0.0,6500.0,0.0,0.0,850.0,7968.18866569725,0.0,6189.099999999999,-1e-08
2030-01-08 01:00:00,0.0,1510.64876597938,3430.08240102062,6700.228833,0.0,0.0,0.0,0.0,0.0,0.0,0.0,6500.0,0.0,0.0,850.0,8733.18866569725,0.0,5990.96,-1e-08
2030-01-08 02:00:00,0.0,1499.93776494845,3382.99935905155,6607.932876,0.0,0.0,0.0,0.0,0.0,0.0,0.0,6500.0,0.0,0.0,850.0,9498.18866569725,0.0,5840.87,-1e-08
2030-01-08 03:00:00,0.0,1803.1500072165,2842.85964978351,6794.050343,0.0,0.0,0.0,0.0,0.0,0.0,0.0,6500.0,0.0,0.0,850.0,10263.1886656973,0.0,5790.06,-1e-08
2030-01-08 04:00:00,0.0,2784.30769587629,1402.74036712371,7170.861937000001,0.0,0.0,0.0,0.0,0.0,0.0,0.0,6500.0,0.0,0.0,850.0,11028.1886656973,0.0,5707.910000000001,-1e-08
2030-01-08 05:00:00,0.0,4070.22088350516,0.0,7994.660564,0.0,0.0,0.0,0.0,0.0,0.0,0.0,6500.0,0.0,0.0,0.0,10971.4203906915,51.0914475051541,5513.79,-1.23456790123457e-08
2030-01-08 06:00:00,0.0,3764.245706,0.0,8756.674294,0.0,0.0,0.0,0.0,0.0,0.0,0.0,6500.0,0.0,0.0,0.0,10026.9759462471,850.0,5170.92,12.9703290338461
2030-01-08 07:00:00,0.0,3162.749481,0.0,9022.120519,0.0,0.0,0.0,0.0,0.0,0.0,0.0,6500.0,0.0,0.0,0.0,9082.53150180264,850.0,4834.87,12.9703290338461
2030-01-08 08:00:00,0.0,3296.442754,0.0,8985.507246,0.0,0.0,0.0,0.0,0.0,0.0,0.0,6500.0,0.0,316.96000000000004,0.0,8138.08705735819,850.0,4614.99,12.9703290338461
2030-01-08 09:00:00,0.0,3706.070946,0.0,8900.839054,0.0,0.0,0.0,0.0,0.0,0.0,0.0,6500.0,0.0,795.54,0.0,7193.64261291375,850.0,4461.37,12.9703290338461
2030-01-08 10:00:00,0.0,3359.7893257732,0.0,8881.769641,0.0,0.0,0.0,0.0,0.0,0.0,0.0,6500.0,0.0,1532.38,221.751033226805,7393.21854281787,0.0,4430.93,-1e-08
2030-01-08 11:00:00,0.0,3089.02501649484,550.838499505155,8776.506484,0.0,0.0,0.0,0.0,0.0,0.0,0.0,6500.0,0.0,2440.96,850.0,8158.21854281787,0.0,4325.41,-1e-08
2030-01-08 12:00:00,0.0,3368.87495257732,84.1052684226829,8799.389779,0.0,0.0,0.0,0.0,0.0,0.0,0.0,6500.0,0.0,2594.6200000000003,850.0,8923.21854281787,0.0,4007.75,-1e-08
2030-01-08 13:00:00,0.0,3905.16850618557,0.0,8707.856598,0.0,0.0,0.0,0.0,0.0,0.0,0.0,6500.0,0.0,2002.53,0.0,8238.17953816724,616.535104185567,3493.96,-1.23456790123457e-08
2030-01-08 14:00:00,0.0,2306.3218,0.0,8746.7582,0.0,0.0,0.0,0.0,0.0,0.0,0.0,6500.0,0.0,713.12,0.0,7293.7350937228,850.0,2989.96,12.9703290338461
2030-01-08 15:00:00,0.0,1316.873379,0.0,8694.126621,0.0,0.0,0.0,0.0,0.0,0.0,0.0,6500.0,0.0,43.86,0.0,6349.29064927835,850.0,2617.14,12.9703290338461
2030-01-08 16:00:00,0.0,1377.41569793814,0.0,9327.993898,0.0,0.0,0.0,0.0,0.0,0.0,1044.54959593814,6500.0,0.0,0.0,0.0,5404.84620483391,850.0,2310.86,13.3714732307692
2030-01-08 17:00:00,0.0,1065.98070618557,0.0,9446.987033000001,0.0,0.0,0.0,0.0,0.0,0.0,1008.78773918557,6500.0,0.0,0.0,0.0,4460.40176038946,850.0,2154.18,13.3714732307692
2030-01-08 18:00:00,0.0,546.767811,0.0,9019.832189,0.0,0.0,0.0,0.0,0.0,0.0,0.0,6500.0,0.0,0.0,0.0,3515.95731594502,850.0,2216.6,12.9703290338461
2030-01-08 19:00:00,0.0,1280.491548,0.0,8595.728452,0.0,0.0,0.0,0.0,0.0,0.0,0.0,6500.0,0.0,0.0,0.0,2571.51287150057,850.0,2526.2200000000003,12.9703290338461
2030-01-08 20:00:00,0.0,2210.385828,0.0,8163.234172,0.0,0.0,0.0,0.0,0.0,0.0,0.0,6500.0,0.0,0.0,0.0,1627.06842705613,850.0,3023.6200000000003,12.9703290338461
2030-01-08 21:00:00,0.0,2636.712693,0.0,8282.227307,0.0,0.0,0.0,0.0,0.0,0.0,0.0,6500.0,0.0,0.0,0.0,682.623982611685,850.0,3568.94,12.9703290338461
2030-01-08 22:00:00,0.0,3225.85957835052,0.0,8129.672006000001,0.0,0.0,0.0,0.0,0.0,0.0,0.0,6500.0,0.0,0.0,0.0,0.0,614.361584350517,4241.17,-1.23456790123457e-08
2030-01-08 23:00:00,0.0,2898.71086804124,1091.85553195876,7506.4836000000005,0.0,0.0,0.0,0.0,0.0,0.0,0.0,6500.0,0.0,0.0,0.0,0.0,0.0,4997.05,-1e-08
2030-01-09 00:00:00,0.0,2596.83437525773,2586.89840174227,6999.237223,0.0,0.0,0.0,0.0,0.0,0.0,0.0,6500.0,0.0,0.0,0.0,0.0,0.0,5682.97,-1e-08
2030-01-09 01:00:00,0.0,2457.0394814433,3577.0956135567,6723.874905000001,0.0,0.0,0.0,0.0,0.0,0.0,0.0,6500.0,0.0,0.0,0.0,0.0,0.0,6258.01,-1e-08
2030-01-09 02:00:00,0.0,2322.54984948454,4288.39616851546,6610.983982000001,0.0,0.0,0.0,0.0,0.0,0.0,0.0,6500.0,0.0,0.0,0.0,0.0,0.0,6721.93,-1e-08
2030-01-09 03:00:00,0.0,2496.20655051546,4492.56402948454,6681.15942,0.0,0.0,0.0,0.0,0.0,0.0,0.0,6500.0,0.0,0.0,0.0,0.0,0.0,7169.93,-1e-08
2030-01-09 04:00:00,0.0,3176.45925876289,3785.88525723712,7042.715483999999,0.0,0.0,0.0,0.0,0.0,0.0,0.0,6500.0,0.0,0.0,0.0,0.0,0.0,7505.06,-1e-08
2030-01-09 05:00:00,0.0,4183.91068556701,2229.32296843299,7858.886346,0.0,0.0,0.0,0.0,0.0,0.0,0.0,6500.0,0.0,0.0,0.0,0.0,0.0,7772.12,-1e-08
2030-01-09 06:00:00,0.0,4726.40362371134,1175.87905328866,8606.407323000001,0.0,0.0,0.0,0.0,0.0,0.0,0.0,6500.0,0.0,0.0,0.0,0.0,0.0,8008.6900000000005,-1e-08
2030-01-09 07:00:00,0.0,4351.92498350515,1432.43325449485,8942.791761999999,0.0,0.0,0.0,0.0,0.0,0.0,0.0,6500.0,0.0,0.06999999999999999,0.0,0.0,0.0,8227.08,-1e-08
2030-01-09 08:00:00,0.0,3909.07582783505,1823.47175183032,8980.167811000001,0.0,0.0,0.0,0.0,0.0,0.0,0.0,6500.0,0.0,197.5,352.354609334626,317.119148401163,0.0,8367.57,-1e-08
2030-01-09 09:00:00,0.0,3509.53327319588,1994.11392780412,8987.032799,0.0,0.0,0.0,0.0,0.0,0.0,0.0,6500.0,0.0,402.65000000000003,850.0,1082.11914840116,0.0,8438.029999999999,-1e-08
2030-01-09 10:00:00,0.0,3142.64002268041,2499.34736131959,9096.872616,0.0,0.0,0.0,0.0,0.0,0.0,0.0,6500.0,0.0,643.9699999999999,850.0,1847.11914840116,0.0,8444.890000000001,-1e-08
2030-01-09 11:00:00,0.0,2741.90360412371,2956.93352787629,8945.842868,0.0,0.0,0.0,0.0,0.0,0.0,0.0,6500.0,0.0,609.02,850.0,2612.11914840116,0.0,8385.66,-1e-08
2030-01-09 12:00:00,0.0,2914.98118350516,2541.31324049485,8987.795575999999,0.0,0.0,0.0,0.0,0.0,0.0,0.0,6500.0,0.0,549.77,850.0,3377.11914840116,0.0,8244.32,-1e-08
2030-01-09 13:00:00,0.0,3160.17382268041,2059.49154731959,8888.63463,0.0,0.0,0.0,0.0,0.0,0.0,0.0,6500.0,0.0,503.04,850.0,4142.11914840116,0.0,7955.259999999999,-1e-08
2030-01-09 14:00:00,0.0,3738.85471546392,883.074041536081,8920.671243,0.0,0.0,0.0,0.0,0.0,0.0,0.0,6500.0,0.0,290.34999999999997,850.0,4907.11914840116,0.0,7602.25,-1e-08
2030-01-09 15:00:00,0.0,4435.77080824742,0.0,8934.40122,0.0,0.0,0.0,0.0,0.0,0.0,0.0,6500.0,0.0,22.47,418.517971752578,5283.78532297848,0.0,7266.22,-1e-08
2030-01-09 16:00:00,0.0,4443.70248041237,0.0,9449.275362,0.0,0.0,0.0,0.0,0.0,0.0,0.0,6500.0,0.0,0.0,0.0,4749.67660918696,480.697842412374,6912.28,-1.23456790123457e-08
2030-01-09 17:00:00,0.0,3985.37335773196,0.0,9485.888635000001,0.0,0.0,0.0,0.0,0.0,0.0,0.0,6500.0,0.0,0.0,0.0,4301.61883948478,403.251992731961,6568.009999999999,-1.23456790123457e-08
2030-01-09 18:00:00,0.0,3254.87079278351,0.0,9138.825324,0.0,0.0,0.0,0.0,0.0,0.0,0.0,6500.0,0.0,0.0,346.363883216495,4613.34633437962,0.0,6240.0599999999995,-1e-08
2030-01-09 19:00:00,0.0,2526.74421649484,351.560222505155,8663.615561,0.0,0.0,0.0,0.0,0.0,0.0,0.0,6500.0,0.0,0.0,850.0,5378.34633437962,0.0,5891.92,-1e-08
2030-01-09 20:00:00,0.0,1831.73709587629,1140.80600112371,8191.456902999999,0.0,0.0,0.0,0.0,0.0,0.0,0.0,6500.0,0.0,0.0,850.0,6143.34633437962,0.0,5514.0,-1e-08
2030-01-09 21:00:00,0.0,1572.95430824742,983.107911752575,8331.807780000001,0.0,0.0,0.0,0.0,0.0,0.0,0.0,6500.0,0.0,0.0,850.0,6908.34633437962,0.0,5237.87,-1e-08
2030-01-09 22:00:00,0.0,865.867710309278,1658.37877369072,8223.493516,0.0,0.0,0.0,0.0,0.0,0.0,0.0,6500.0,0.0,0.0,850.0,7673.34633437962,0.0,5097.74,-1e-08
2030-01-09 23:00:00,0.0,265.783092783506,2704.81414621649,7676.582761000001,0.0,0.0,0.0,0.0,0.0,0.0,0.0,6500.0,0.0,0.0,850.0,8438.34633437962,0.0,4997.18,-1e-08
2030-01-10 00:00:00,0.0,0.0,3273.417025,7215.102975,0.0,0.0,0.0,0.0,0.0,0.0,0.0,6500.0,0.0,0.0,850.0,9203.34633437962,0.0,4838.52,-1e-08
2030-01-10 01:00:00,0.0,0.0,3349.701579,6947.368421,0.0,0.0,0.0,0.0,0.0,0.0,0.0,6500.0,0.0,0.0,850.0,9968.34633437962,0.0,4647.07,-1e-08
2030-01-10 02:00:00,0.0,0.0,3192.139794,6876.430206,0.0,0.0,0.0,0.0,0.0,0.0,0.0,6500.0,0.0,0.0,850.0,10733.3463343796,0.0,4418.57,-1e-08
2030-01-10 03:00:00,0.0,0.0,2754.309977,6986.270023,0.0,0.0,0.0,0.0,0.0,0.0,0.0,6500.0,0.0,0.0,850.0,11498.3463343796,0.0,4090.58,-1e-08
2030-01-10 04:00:00,0.0,110.719408247422,2092.88712075258,7250.953471,0.0,0.0,0.0,0.0,0.0,0.0,0.0,6500.0,0.0,0.0,850.0,12263.3463343796,0.0,3804.56,-1e-08
2030-01-10 05:00:00,0.0,1355.93280309278,0.0,8087.719298,0.0,0.0,0.0,0.0,0.0,0.0,0.0,6500.0,0.0,0.0,607.217898907216,12809.8424433961,0.0,3550.87,-1e-08
2030-01-10 06:00:00,0.0,1812.955347,0.0,8874.904653,0.0,0.0,0.0,0.0,0.0,0.0,0.0,6500.0,0.0,0.0,0.0,11865.3979989517,850.0,3337.86,12.9703290338461
2030-01-10 07:00:00,0.0,1331.590748,0.0,9115.179252,0.0,0.0,0.0,0.0,0.0,0.0,0.0,6500.0,0.0,0.0,0.0,10920.9535545072,850.0,3096.77,12.9703290338461
2030-01-10 08:00:00,0.0,1294.928352,0.0,9011.441648,0.0,0.0,0.0,0.0,0.0,0.0,0.0,6500.0,0.0,160.85,0.0,9976.50911006278,850.0,2795.5200000000004,12.9703290338461
2030-01-10 09:00:00,0.0,1482.752098,0.0,8925.247902,0.0,0.0,0.0,0.0,0.0,0.0,0.0,6500.0,0.0,537.78,0.0,9032.06466561834,850.0,2520.2200000000003,12.9703290338461
2030-01-10 10:00:00,0.0,842.709127835051,0.0,8956.521739,0.0,0.0,0.0,0.0,0.0,0.0,0.0,6500.0,0.0,1045.84,123.669133164949,9143.36688546679,0.0,2377.06,-1e-08
2030-01-10 11:00:00,0.0,453.852953608247,826.323858391752,8753.623188,0.0,0.0,0.0,0.0,0.0,0.0,0.0,6500.0,0.0,1964.72,850.0,9908.36688546679,0.0,2419.08,-1e-08
2030-01-10 12:00:00,0.0,785.509009278351,1120.06606272165,8710.144928,0.0,0.0,0.0,0.0,0.0,0.0,0.0,6500.0,0.0,2466.95,850.0,10673.3668854668,0.0,2498.77,-1e-08
2030-01-10 13:00:00,0.0,1746.64402783505,0.0,8618.611747,0.0,0.0,0.0,0.0,0.0,0.0,0.0,6500.0,0.0,2041.9599999999998,727.374225164946,11328.0036881152,0.0,2550.67,-1e-08
2030-01-10 14:00:00,0.0,2033.193783,0.0,8603.356217,0.0,0.0,0.0,0.0,0.0,0.0,0.0,6500.0,0.0,758.22,0.0,10383.5592436708,850.0,2528.33,12.9703290338461
2030-01-10 15:00:00,0.0,1268.987193,0.0,8649.122807,0.0,0.0,0.0,0.0,0.0,0.0,0.0,6500.0,0.0,44.9,0.0,9439.11479922635,850.0,2523.21,12.9703290338461
2030-01-10 16:00:00,0.0,705.478695999998,0.0,9217.391304,0.0,0.0,0.0,0.0,0.0,0.0,0.0,6500.0,0.0,0.0,0.0,8494.67035478191,850.0,2572.87,12.9703290338461
2030-01-10 17:00:00,0.0,727.025378,0.0,9226.544622,0.0,0.0,0.0,0.0,0.0,0.0,0.0,6500.0,0.0,0.0,0.0,7550.22591033746,850.0,2603.57,12.9703290338461
2030-01-10 18:00:00,0.0,1173.521937,0.0,8829.138063,0.0,0.0,0.0,0.0,0.0,0.0,0.0,6500.0,0.0,0.0,0.0,6605.78146589302,850.0,2652.66,12.9703290338461
2030-01-10 19:00:00,0.0,1597.59913,0.0,8478.26087,0.0,0.0,0.0,0.0,0.0,0.0,0.0,6500.0,0.0,0.0,0.0,5661.33702144857,850.0,2725.86,12.9703290338461
2030-01-10 20:00:00,0.0,2132.574493,0.0,8028.985507,0.0,0.0,0.0,0.0,0.0,0.0,0.0,6500.0,0.0,0.0,0.0,4716.89257700413,850.0,2811.56,12.9703290338461
2030-01-10 21:00:00,0.0,1993.551541,0.0,8257.818459,0.0,0.0,0.0,0.0,0.0,0.0,0.0,6500.0,0.0,0.0,0.0,3772.44813255968,850.0,2901.37,12.9703290338461
2030-01-10 22:00:00,0.0,2028.167658,0.0,8261.632342,0.0,0.0,0.0,0.0,0.0,0.0,0.0,6500.0,0.0,0.0,0.0,2828.00368811524,850.0,2939.8,12.9703290338461
2030-01-10 23:00:00,0.0,2003.39100103093,0.0,7637.681159000001,0.0,0.0,0.0,0.0,0.0,0.0,0.0,6500.0,0.0,0.0,0.0,2622.33462141421,185.10216003093,2955.97,-1.23456790123457e-08
2030-01-11 00:00:00,0.0,1862.86286597938,0.0,7161.708619,0.0,0.0,0.0,0.0,0.0,0.0,0.0,6500.0,0.0,0.0,406.798515020618,2988.45328493276,0.0,2931.37,-1e-08
2030-01-11 01:00:00,0.0,1778.06385463918,0.0,6892.448513,0.0,0.0,0.0,0.0,0.0,0.0,0.0,6500.0,0.0,0.0,737.207632360824,3651.9401540575,0.0,2907.72,-1e-08
2030-01-11 02:00:00,0.0,1644.93890103093,270.381586969074,6626.239511999999,0.0,0.0,0.0,0.0,0.0,0.0,0.0,6500.0,0.0,0.0,850.0,4416.9401540575,0.0,2891.5600000000004,-1e-08
2030-01-11 03:00:00,0.0,1798.42847319588,240.115126804125,6493.5164,0.0,0.0,0.0,0.0,0.0,0.0,0.0,6500.0,0.0,0.0,850.0,5181.9401540575,0.0,2882.0600000000004,-1e-08
2030-01-11 04:00:00,0.0,2102.42568041237,0.0,6544.622426,0.0,0.0,0.0,0.0,0.0,0.0,0.0,6500.0,0.0,0.0,727.631893587629,5836.80885828637,0.0,2874.68,-1e-08
2030-01-11 05:00:00,0.0,2575.05577113402,0.0,6759.725399999999,0.0,0.0,0.0,0.0,0.0,0.0,0.0,6500.0,0.0,0.0,0.0,5822.21866813746,13.13117113402,2821.65,-1.23456790123457e-08
2030-01-11 06:00:00,0.0,3189.344851,0.0,6910.755149,0.0,0.0,0.0,0.0,0.0,0.0,0.0,6500.0,0.0,0.0,0.0,4877.77422369301,850.0,2750.1,12.9703290338461
2030-01-11 07:00:00,0.0,2586.121297,0.0,7444.698703,0.0,0.0,0.0,0.0,0.0,0.0,0.0,6500.0,0.0,1.07,0.0,3933.32977924857,850.0,2679.75,12.9703290338461
2030-01-11 08:00:00,0.0,2458.37241,0.0,7779.55759,0.0,0.0,0.0,0.0,0.0,0.0,0.0,6500.0,0.0,210.5,0.0,2988.88533480412,850.0,2677.4300000000003,12.9703290338461
2030-01-11 09:00:00,0.0,2835.809931,0.0,7958.810068999999,0.0,0.0,0.0,0.0,0.0,0.0,0.0,6500.0,0.0,589.4499999999999,0.0,2044.44089035968,850.0,2855.17,12.9703290338461
2030-01-11 10:00:00,0.0,2532.73228659794,0.0,7974.828375,0.0,0.0,0.0,0.0,0.0,0.0,0.0,6500.0,0.0,1406.7099999999998,567.199338402061,2554.92029492153,0.0,3168.05,-1e-08
2030-01-11 11:00:00,0.0,1924.61028762887,1279.07912537113,7980.930587,0.0,0.0,0.0,0.0,0.0,0.0,0.0,6500.0,0.0,2073.6099999999997,850.0,3319.92029492153,0.0,3461.0099999999998,-1e-08
2030-01-11 12:00:00,0.0,1963.7298628866,1131.0118761134,8043.478261,0.0,0.0,0.0,0.0,0.0,0.0,0.0,6500.0,0.0,1917.8200000000002,850.0,4084.92029492153,0.0,3570.4,-1e-08
2030-01-11 13:00:00,0.0,2267.70448762887,452.854490371135,7720.061022,0.0,0.0,0.0,0.0,0.0,0.0,0.0,6500.0,0.0,1271.59,850.0,4849.92029492153,0.0,3519.03,-1e-08
2030-01-11 14:00:00,0.0,2687.0737443299,0.0,7579.710145,0.0,0.0,0.0,0.0,0.0,0.0,0.0,6500.0,0.0,757.85,439.256110670104,5245.25079452463,0.0,3448.19,-1e-08
2030-01-11 15:00:00,0.0,3191.70255773196,0.0,7607.170099,0.0,0.0,0.0,0.0,0.0,0.0,0.0,6500.0,0.0,146.07,0.0,4305.29228704467,845.96265673196,3306.8399999999997,-1.23456790123457e-08
2030-01-11 16:00:00,0.0,2270.014813,0.0,8221.205187,0.0,0.0,0.0,0.0,0.0,0.0,0.0,6500.0,0.0,0.0,0.0,3360.84784260023,850.0,3141.2200000000003,12.9703290338461
2030-01-11 17:00:00,0.0,1744.82746,0.0,8475.972539999999,0.0,0.0,0.0,0.0,0.0,0.0,0.0,6500.0,0.0,0.0,0.0,2416.40339815578,850.0,2870.8,12.9703290338461
2030-01-11 18:00:00,0.0,1602.762059,0.0,8235.697941,0.0,0.0,0.0,0.0,0.0,0.0,0.0,6500.0,0.0,0.0,0.0,1471.95895371134,850.0,2488.46,12.9703290338461
2030-01-11 19:00:00,0.0,1439.38994948454,0.0,7803.203661,0.0,0.0,0.0,0.0,0.0,0.0,0.0,6500.0,0.0,0.0,0.0,647.243830950743,742.243610484535,2000.35,-1.23456790123457e-08
2030-01-11 20:00:00,0.0,755.881373195876,0.0,7462.242563,0.0,0.0,0.0,0.0,0.0,0.0,0.0,6500.0,0.0,0.0,0.0,359.228346288659,259.213936195876,1458.9099999999999,-1.23456790123457e-08
2030-01-11 21:00:00,0.0,241.578188659794,0.0,7606.407322999999,0.0,0.0,0.0,0.0,0.0,0.0,0.0,6500.0,0.0,0.0,0.0,0.0,323.305511659793,1024.68,-1.23456790123457e-08
2030-01-11 22:00:00,519.322715,0.0,0.0,7704.0427150000005,0.0,0.0,0.0,0.0,0.0,0.0,0.0,6500.0,0.0,0.0,0.0,0.0,0.0,684.72,-1.03092718783261e-08
2030-01-11 23:00:00,280.825545000001,0.0,0.0,7339.435545,0.0,0.0,0.0,0.0,0.0,0.0,0.0,6500.0,0.0,0.0,0.0,0.0,0.0,558.61,-1.03092718783261e-08
2030-01-12 00:00:00,0.0,0.0,155.808871,6989.321129,0.0,0.0,0.0,0.0,0.0,0.0,0.0,6500.0,0.0,0.0,0.0,0.0,0.0,645.13,-1e-08
2030-01-12 01:00:00,0.0,0.0,576.116178,6707.093822,0.0,0.0,0.0,0.0,0.0,0.0,0.0,6500.0,0.0,0.0,0.0,0.0,0.0,783.21,-1e-08
2030-01-12 02:00:00,0.0,0.0,856.351907,6477.498093,0.0,0.0,0.0,0.0,0.0,0.0,0.0,6500.0,0.0,0.0,0.0,0.0,0.0,833.85,-1e-08
2030-01-12 03:00:00,0.0,0.0,838.490145,6420.289855,0.0,0.0,0.0,0.0,0.0,0.0,0.0,6500.0,0.0,0.0,0.0,0.0,0.0,758.78,-1e-08
2030-01-12 04:00:00,0.0,0.0,800.406735,6374.523265000001,0.0,0.0,0.0,0.0,0.0,0.0,0.0,6500.0,0.0,0.0,0.0,0.0,0.0,674.93,-1e-08
2030-01-12 05:00:00,0.0,0.0,723.907956,6440.122044,0.0,0.0,0.0,0.0,0.0,0.0,0.0,6500.0,0.0,0.0,0.0,0.0,0.0,664.0300000000001,-1e-08
2030-01-12 06:00:00,0.0,0.0,683.635407999999,6578.1845920000005,0.0,0.0,0.0,0.0,0.0,0.0,0.0,6500.0,0.0,0.0,0.0,0.0,0.0,761.82,-1e-08
2030-01-12 07:00:00,0.0,0.0,569.182006000001,6870.327993999999,0.0,0.0,0.0,0.0,0.0,0.0,0.0,6500.0,0.0,3.92,0.0,0.0,0.0,935.59,-1e-08
2030-01-12 08:00:00,0.0,0.0,821.070950007891,7173.913043,0.0,0.0,0.0,0.0,0.0,0.0,0.0,6500.0,0.0,387.34,74.3060069921093,66.8754062928983,0.0,1181.95,-1e-08
2030-01-12 09:00:00,0.0,0.0,1085.196148,7355.453852000001,0.0,0.0,0.0,0.0,0.0,0.0,0.0,6500.0,0.0,1426.1499999999999,850.0,831.875406292898,0.0,1364.4999999999998,-1e-08
2030-01-12 10:00:00,0.0,0.0,2791.713082,7515.636918,0.0,0.0,0.0,0.0,0.0,0.0,0.0,6500.0,0.0,3076.43,850.0,1596.8754062929,0.0,1580.92,-1e-08
2030-01-12 11:00:00,0.0,0.0,4089.498772,7596.491228,0.0,0.0,0.0,0.0,0.0,0.0,0.0,6500.0,0.0,4159.610000000001,850.0,2361.8754062929,0.0,1876.3799999999999,-1e-08
2030-01-12 12:00:00,0.0,0.0,4974.621022,7279.938978,0.0,0.0,0.0,0.0,0.0,0.0,0.0,6500.0,0.0,4338.31,850.0,3126.8754062929,0.0,2266.25,-1e-08
2030-01-12 13:00:00,0.0,235.082542268042,4683.78423073196,7064.073227,0.0,0.0,0.0,0.0,0.0,0.0,0.0,6500.0,0.0,3653.29,850.0,3891.8754062929,0.0,2679.65,-1e-08
2030-01-12 14:00:00,0.0,1152.82059484536,2786.75782615464,7052.631579000001,0.0,0.0,0.0,0.0,0.0,0.0,0.0,6500.0,0.0,2204.71,850.0,4656.8754062929,0.0,3137.4999999999995,-1e-08
2030-01-12 15:00:00,0.0,2366.48135670103,185.295577298969,7160.183066,0.0,0.0,0.0,0.0,0.0,0.0,0.0,6500.0,0.0,409.55,850.0,5421.8754062929,0.0,3652.41,-1e-08
2030-01-12 16:00:00,0.0,2796.9957072165,0.0,7941.266208999999,0.0,0.0,0.0,0.0,0.0,0.0,0.0,6500.0,0.0,0.0,0.0,5327.33994383013,85.0819162164944,4153.18,-1.23456790123457e-08
2030-01-12 17:00:00,0.0,2855.98935360825,0.0,8355.453852,0.0,0.0,0.0,0.0,0.0,0.0,0.0,6500.0,0.0,0.0,0.0,5148.68082648763,160.793205608248,4550.65,-1.23456790123457e-08
2030-01-12 18:00:00,0.0,2705.15577731959,0.0,8248.665141,0.0,0.0,0.0,0.0,0.0,0.0,0.0,6500.0,0.0,0.0,334.799081680412,5450.0,0.0,4788.62,-1e-08
2030-01-12 19:00:00,0.0,2318.41522268041,200.483129319588,8011.441647999999,0.0,0.0,0.0,0.0,0.0,0.0,0.0,6500.0,0.0,0.0,850.0,6215.0,0.0,4880.34,-1e-08
2030-01-12 20:00:00,0.0,2123.51675360825,749.769897391752,7657.513349,0.0,0.0,0.0,0.0,0.0,0.0,0.0,6500.0,0.0,0.0,850.0,6980.0,0.0,4880.8,-1e-08
2030-01-12 21:00:00,0.0,2301.83328556701,613.80898743299,7697.177726999999,0.0,0.0,0.0,0.0,0.0,0.0,0.0,6500.0,0.0,0.0,850.0,7745.0,0.0,4962.82,-1e-08
2030-01-12 22:00:00,0.0,2116.99113608247,903.582219917526,7680.396644,0.0,0.0,0.0,0.0,0.0,0.0,0.0,6500.0,0.0,0.0,850.0,8510.0,0.0,5050.97,-1e-08
2030-01-12 23:00:00,0.0,2024.79559587629,1586.15583012371,7189.168574,0.0,0.0,0.0,0.0,0.0,0.0,0.0,6500.0,0.0,0.0,850.0,9275.0,0.0,5150.12,-1e-08
2030-01-13 00:00:00,0.0,1963.03328556701,2228.81420443299,6827.61251,0.0,0.0,0.0,0.0,0.0,0.0,0.0,6500.0,0.0,0.0,850.0,10040.0,0.0,5369.46,-1e-08
2030-01-13 01:00:00,0.0,1995.76628247423,2817.13628052577,6537.757437,0.0,0.0,0.0,0.0,0.0,0.0,0.0,6500.0,0.0,0.0,850.0,10805.0,0.0,5700.66,-1e-08
2030-01-13 02:00:00,0.0,2074.10926494845,3285.31636405155,6377.574371,0.0,0.0,0.0,0.0,0.0,0.0,0.0,6500.0,0.0,0.0,850.0,11570.0,0.0,6087.0,-1e-08
2030-01-13 03:00:00,0.0,2500.4402257732,3112.3237792268,6402.745995,0.0,0.0,0.0,0.0,0.0,0.0,0.0,6500.0,0.0,0.0,850.0,12335.0,0.0,6365.51,-1e-08
2030-01-13 04:00:00,0.0,3533.09086185567,1601.28109814433,6842.868039999999,0.0,0.0,0.0,0.0,0.0,0.0,0.0,6500.0,0.0,0.0,850.0,13100.0,0.0,6327.24,-1e-08
2030-01-13 05:00:00,0.0,4933.06450824742,0.0,7829.900839,0.0,0.0,0.0,0.0,0.0,0.0,0.0,6500.0,0.0,0.0,0.0,12689.8162808362,369.165347247423,5893.8,12.9703290338461
2030-01-13 06:00:00,0.0,3862.426606,0.0,8630.053394,0.0,0.0,0.0,0.0,0.0,0.0,0.0,6500.0,0.0,0.0,0.0,11745.3718363918,850.0,5142.4800000000005,12.9703290338461
2030-01-13 07:00:00,0.0,2515.02484484165,0.0,8968.726163000001,0.0,0.0,0.0,0.0,0.0,0.0,0.0,6500.0,0.0,0.0,0.0,11103.2373832344,577.921007841647,4405.83,12.9703290338461
2030-01-13 08:00:00,0.0,1540.347811,0.0,9019.832189,0.0,0.0,0.0,0.0,0.0,0.0,0.0,6500.0,0.0,140.52,0.0,11103.2373832344,0.0,3919.66,12.9703290338461
2030-01-13 09:00:00,0.0,1440.531442,0.0,8864.988558,0.0,0.0,0.0,0.0,0.0,0.0,0.0,6500.0,0.0,424.93,0.0,11103.2373832344,0.0,3380.59,12.9703290338461
2030-01-13 10:00:00,0.0,1213.581014,0.0,8942.028986,0.0,0.0,0.0,0.0,0.0,0.0,0.0,6500.0,0.0,709.62,0.0,11103.2373832344,0.0,2945.99,12.9703290338461
2030-01-13 11:00:00,0.0,1558.831327,0.0,8796.338673,0.0,0.0,0.0,0.0,0.0,0.0,0.0,6500.0,0.0,1032.9,0.0,11103.2373832344,0.0,2822.27,12.9703290338461
2030-01-13 12:00:00,0.0,1763.121892,0.0,8801.678108,0.0,0.0,0.0,0.0,0.0,0.0,0.0,6500.0,0.0,1258.61,0.0,11103.2373832344,0.0,2806.19,12.9703290338461
2030-01-13 13:00:00,0.0,2090.0655,0.0,8633.1045,0.0,0.0,0.0,0.0,0.0,0.0,0.0,6500.0,0.0,1452.25,0.0,11103.2373832344,0.0,2770.92,12.9703290338461
2030-01-13 14:00:00,0.0,1523.108726,0.0,8569.031273999999,0.0,0.0,0.0,0.0,0.0,0.0,0.0,6500.0,0.0,817.47,0.0,11103.2373832344,0.0,2774.67,12.9703290338461
2030-01-13 15:00:00,0.0,1172.73580309278,0.0,8592.677346,0.0,0.0,0.0,0.0,0.0,0.0,0.0,6500.0,0.0,87.79,0.0,10959.5561064646,129.313149092783,3048.3100000000004,12.9703290338461
2030-01-13 16:00:00,0.0,1293.88443092783,0.0,9282.990084000001,0.0,0.0,0.0,0.0,0.0,0.0,0.0,6500.0,0.0,0.0,0.0,10152.6844232115,726.184514927835,3350.69,12.9703290338461
2030-01-13 17:00:00,0.0,981.315958762886,0.0,9485.125858,0.0,0.0,0.0,0.0,0.0,0.0,0.0,6500.0,0.0,0.0,0.0,9709.30462680825,399.041816762886,3567.4,12.9703290338461
2030-01-13 18:00:00,0.0,1182.766232,0.0,9072.463768,0.0,0.0,0.0,0.0,0.0,0.0,0.0,6500.0,0.0,0.0,0.0,9709.30462680825,0.0,3755.23,12.9703290338461
2030-01-13 19:00:00,0.0,1801.979832,0.0,8565.980168,0.0,0.0,0.0,0.0,0.0,0.0,0.0,6500.0,0.0,0.0,0.0,9709.30462680825,0.0,3867.9599999999996,12.9703290338461
2030-01-13 20:00:00,0.0,2378.406751,0.0,8050.3432490000005,0.0,0.0,0.0,0.0,0.0,0.0,0.0,6500.0,0.0,0.0,0.0,9709.30462680825,0.0,3928.7499999999995,12.9703290338461
2030-01-13 21:00:00,0.0,2103.274249,0.0,8215.865751,0.0,0.0,0.0,0.0,0.0,0.0,0.0,6500.0,0.0,0.0,0.0,9709.30462680825,0.0,3819.14,12.9703290338461
2030-01-13 22:00:00,0.0,2021.50077,0.0,8128.90923,0.0,0.0,0.0,0.0,0.0,0.0,0.0,6500.0,0.0,0.0,0.0,9709.30462680825,0.0,3650.41,12.9703290338461
2030-01-13 23:00:00,0.0,2046.44478659794,0.0,7551.487414,0.0,0.0,0.0,0.0,0.0,0.0,0.0,6500.0,0.0,0.0,388.087799402062,10058.5836462701,0.0,3486.0200000000004,10.5059665174154
2030-01-14 00:00:00,0.0,1659.84358762887,124.080500371135,7119.755912,0.0,0.0,0.0,0.0,0.0,0.0,0.0,6500.0,0.0,0.0,850.0,10823.5836462701,0.0,3253.68,-1e-08
2030-01-14 01:00:00,0.0,1422.93047628866,322.300965711341,6864.988558,0.0,0.0,0.0,0.0,0.0,0.0,0.0,6500.0,0.0,0.0,850.0,11588.5836462701,0.0,2960.2200000000003,-1e-08
2030-01-14 02:00:00,0.0,1245.31871134021,422.519091659794,6681.922197,0.0,0.0,0.0,0.0,0.0,0.0,0.0,6500.0,0.0,0.0,850.0,12353.5836462701,0.0,2699.7599999999998,-1e-08
2030-01-14 03:00:00,0.0,1531.21526185567,0.0,6726.163234,0.0,0.0,0.0,0.0,0.0,0.0,0.0,6500.0,0.0,0.0,829.351504144329,13100.0,0.0,2586.73,10.5059665174154
2030-01-14 04:00:00,0.0,1972.330748,0.0,7115.179252,0.0,0.0,0.0,0.0,0.0,0.0,0.0,6500.0,0.0,0.0,0.0,13100.0,0.0,2587.51,12.9703290338461
2030-01-14 05:00:00,0.0,1125.160542,0.0,7991.609458,0.0,0.0,0.0,0.0,0.0,0.0,0.0,6500.0,0.0,0.0,0.0,13100.0,0.0,2616.77,12.9703290338461
2030-01-14 06:00:00,0.0,336.819024,0.0,8747.520976,0.0,0.0,0.0,0.0,0.0,0.0,0.0,6500.0,0.0,0.0,0.0,13100.0,0.0,2584.34,12.9703290338461
2030-01-14 07:00:00,0.0,0.0,0.0,9017.54386,0.0,0.0,0.0,0.0,0.0,0.0,0.0,6500.0,0.0,0.0,0.0,13011.5734888889,79.5838600000006,2437.96,13.3714732307692
2030-01-14 08:00:00,0.0,0.0,0.0,9035.850496,0.0,0.0,0.0,0.0,0.0,0.0,0.0,6500.0,0.0,118.11,0.0,12771.9840488889,215.630495999998,2202.11,13.3714732307692
2030-01-14 09:00:00,0.0,0.0,0.0,9037.376049,0.0,0.0,0.0,0.0,0.0,0.0,0.0,6500.0,0.0,415.83000000000004,0.0,12510.9217722222,234.956049,1886.59,13.3714732307692
2030-01-14 10:00:00,0.0,0.0,0.0,9170.861937,0.0,0.0,0.0,0.0,0.0,0.0,0.0,6500.0,0.0,712.13,0.0,12170.2307311111,306.621937,1652.11,13.3714732307692
2030-01-14 11:00:00,0.0,0.0,0.0,9000.0,0.0,0.0,0.0,0.0,0.0,0.0,0.0,6500.0,0.0,855.75,0.0,12030.1307311111,126.09,1518.16,13.3714732307692
2030-01-14 12:00:00,0.0,0.0,0.0,8981.693363999999,0.0,0.0,0.0,0.0,0.0,0.0,0.0,6500.0,0.0,976.9799999999999,0.0,11987.7825488889,38.1133639999989,1466.6000000000001,13.3714732307692
2030-01-14 13:00:00,0.0,0.0,0.0,8915.331808,0.0,0.0,0.0,0.0,0.0,0.0,0.0,6500.0,0.0,714.1,0.0,11774.7916511111,191.691808000001,1509.54,13.3714732307692
2030-01-14 14:00:00,0.0,0.0,0.0,8935.163997,0.0,0.0,0.0,0.0,0.0,0.0,0.0,6500.0,0.0,328.59,0.0,11165.9538766667,547.953997000001,1558.6200000000001,13.3714732307692
2030-01-14 15:00:00,0.0,0.0,0.0,8989.321129,0.0,0.0,0.0,0.0,0.0,0.0,0.0,6500.0,0.0,31.68,0.0,10274.4081777778,802.391129,1655.25,13.3714732307692
2030-01-14 16:00:00,0.0,0.0,0.0,9525.553013,0.0,0.0,0.0,0.0,0.0,0.0,427.453013,6500.0,0.0,0.0,0.0,9329.96373333333,850.0,1748.1,13.3714732307692
2030-01-14 17:00:00,0.0,0.0,0.0,9608.695652,0.0,0.0,0.0,0.0,0.0,0.0,570.035652,6500.0,0.0,0.0,0.0,8385.51928888889,850.0,1688.6599999999999,13.3714732307692
2030-01-14 18:00:00,0.0,0.0,0.0,9179.252478999999,0.0,0.0,0.0,0.0,0.0,0.0,246.792478999999,6500.0,0.0,0.0,0.0,7441.07484444444,850.0,1582.46,13.3714732307692
2030-01-14 19:00:00,0.0,0.0,0.0,8694.889396999999,0.0,0.0,0.0,0.0,0.0,0.0,0.0,6500.0,0.0,0.0,0.0,6686.29773666667,679.299396999999,1515.59,13.3714732307692
2030-01-14 20:00:00,0.0,0.0,0.0,8242.562929,0.0,0.0,0.0,0.0,0.0,0.0,50.8749659999994,6500.0,0.0,0.0,0.0,6550.0,122.667963,1569.0200000000002,13.3714732307692
2030-01-14 21:00:00,0.0,0.0,0.0,8374.523265,0.0,0.0,0.0,0.0,0.0,0.0,69.3232649999991,6500.0,0.0,0.0,0.0,6550.0,0.0,1805.2,13.3714732307692
2030-01-14 22:00:00,0.0,370.081564,0.0,8271.548436000001,0.0,0.0,0.0,0.0,0.0,0.0,0.0,6500.0,0.0,0.0,0.0,6550.0,0.0,2141.63,12.9703290338462
2030-01-14 23:00:00,0.0,1287.293966,0.0,7713.1960340000005,0.0,0.0,0.0,0.0,0.0,0.0,0.0,6500.0,0.0,0.0,0.0,6550.0,0.0,2500.4900000000002,12.9703290338461
